Data,t0,t1,t2,t3
2014-01-02,91.0,64.0,57.0,51.0
2014-01-03,91.0,65.0,57.0,51.0
2014-01-06,90.0,64.0,56.0,50.0
2014-01-07,93.0,67.0,59.0,53.0
2014-01-08,97.0,70.0,61.0,55.0
2014-01-09,98.0,72.0,63.0,57.0
2014-01-10,97.0,72.0,63.0,57.0
2014-01-13,96.0,71.0,61.0,55.0
2014-01-14,98.0,71.0,61.0,55.0
2014-01-15,100.0,73.0,62.0,56.0
2014-01-16,99.0,70.0,59.0,54.0
2014-01-17,101.0,72.0,61.0,56.0
2014-01-20,100.0,73.0,60.0,55.0
2014-01-21,101.0,74.0,61.0,56.0
2014-01-22,104.0,76.0,62.0,57.0
2014-01-23,104.0,76.0,62.0,57.0
2014-01-24,105.0,77.0,63.0,58.0
2014-01-27,102.0,74.0,61.0,57.0
2014-01-28,102.0,75.0,62.0,58.0
2014-01-29,103.0,77.0,64.0,60.0
2014-01-30,103.0,77.0,64.0,60.0
2014-01-31,104.0,78.0,65.0,61.0
2014-02-03,104.0,77.0,64.0,60.0
2014-02-04,104.0,77.0,64.0,60.0
2014-02-05,104.0,77.0,64.0,60.0
2014-02-06,104.0,77.0,64.0,60.0
2014-02-07,104.0,77.0,64.0,60.0
2014-02-10,103.0,76.0,63.0,60.0
2014-02-11,104.0,77.0,64.0,61.0
2014-02-12,104.0,77.0,64.0,61.0
2014-02-13,103.0,76.0,63.0,60.0
2014-02-14,104.0,77.0,65.0,61.0
2014-02-17,100.0,76.0,64.0,60.0
2014-02-18,101.0,77.0,65.0,61.0
2014-02-19,101.0,77.0,65.0,62.0
2014-02-20,103.0,77.0,64.0,61.0
2014-02-21,103.0,77.0,64.0,61.0
2014-02-24,99.0,75.0,62.0,60.0
2014-02-25,99.0,75.0,62.0,60.0
2014-02-26,100.0,76.0,62.0,60.0
2014-02-27,101.0,77.0,63.0,60.0
2014-02-28,100.0,76.0,63.0,60.0
2014-03-05,97.0,73.0,60.0,58.0
2014-03-06,94.0,72.0,59.0,57.0
2014-03-07,94.0,72.0,59.0,57.0
2014-03-10,94.0,73.0,60.0,58.0
2014-03-11,94.0,73.0,60.0,58.0
2014-03-12,94.0,73.0,60.0,58.0
2014-03-13,95.0,75.0,60.0,58.0
2014-03-14,95.0,75.0,60.0,58.0
2014-03-17,95.0,75.0,59.0,57.0
2014-03-18,96.0,76.0,60.0,58.0
2014-03-19,96.0,76.0,60.0,58.0
2014-03-20,94.0,74.0,58.0,56.0
2014-03-21,94.0,74.0,58.0,56.0
2014-03-24,92.0,74.0,58.0,55.0
2014-03-25,93.0,75.0,59.0,56.0
2014-03-26,95.0,76.0,60.0,57.0
2014-03-27,95.0,76.0,60.0,57.0
2014-03-28,95.0,77.0,60.0,57.0
2014-03-31,94.0,76.0,60.0,57.0
2014-04-01,95.0,77.0,61.0,58.0
2014-04-02,96.0,77.0,61.0,58.0
2014-04-03,96.0,77.0,61.0,58.0
2014-04-04,96.0,77.0,61.0,58.0
2014-04-07,93.0,76.0,60.0,57.0
2014-04-08,93.0,76.0,60.0,57.0
2014-04-09,93.0,76.0,60.0,57.0
2014-04-10,95.0,77.0,61.0,57.0
2014-04-11,96.0,78.0,63.0,59.0
2014-04-14,97.0,79.0,63.0,59.0
2014-04-15,98.0,79.0,63.0,59.0
2014-04-16,101.0,80.0,63.0,59.0
2014-04-17,98.0,78.0,62.0,58.0
2014-04-22,96.0,76.0,60.0,56.0
2014-04-23,96.0,77.0,60.0,56.0
2014-04-24,96.0,77.0,60.0,56.0
2014-04-25,96.0,77.0,60.0,56.0
2014-04-28,82.0,65.0,50.0,47.0
2014-04-29,85.0,68.0,53.0,50.0
2014-04-30,92.0,74.0,57.0,53.0
2014-05-02,90.0,73.0,56.0,52.0
2014-05-05,91.0,75.0,57.0,53.0
2014-05-06,91.0,75.0,57.0,53.0
2014-05-07,94.0,77.0,58.0,54.0
2014-05-08,97.0,79.0,59.0,55.0
2014-05-09,97.0,79.0,59.0,55.0
2014-05-12,92.0,74.0,56.0,53.0
2014-05-13,93.0,75.0,56.0,53.0
2014-05-14,94.0,76.0,57.0,54.0
2014-05-15,91.0,74.0,58.0,55.0
2014-05-16,90.0,74.0,57.0,54.0
2014-05-19,91.0,76.0,58.0,55.0
2014-05-20,96.0,81.0,61.0,58.0
2014-05-21,96.0,82.0,61.0,58.0
2014-05-22,97.0,83.0,62.0,59.0
2014-05-23,98.0,84.0,62.0,59.0
2014-05-26,98.0,84.0,61.0,58.0
2014-05-27,98.0,84.0,61.0,58.0
2014-05-28,99.0,84.0,61.0,58.0
2014-06-24,93.0,53.0,54.0,52.0
2014-06-25,94.0,53.0,55.0,53.0
2014-06-26,92.0,53.0,55.0,53.0
2014-06-27,92.0,53.0,55.0,53.0
2014-06-30,93.0,52.0,56.0,54.0
2014-07-01,93.0,51.0,56.0,54.0
2014-07-02,94.0,52.0,57.0,55.0
2014-07-03,93.0,52.0,56.0,54.0
2014-07-04,93.0,53.0,56.0,54.0
2014-07-07,91.0,50.0,54.0,52.0
2014-07-08,93.0,54.0,56.0,54.0
2014-07-09,94.0,56.0,57.0,55.0
2014-07-10,91.0,57.0,55.0,53.0
2014-07-11,91.0,59.0,57.0,55.0
2014-07-14,91.0,61.0,59.0,57.0
2014-07-15,91.0,61.0,59.0,57.0
2014-07-16,93.0,62.0,60.0,58.0
2014-07-17,90.0,65.0,59.0,57.0
2014-07-18,91.0,64.0,57.0,55.0
2014-07-21,91.0,65.0,57.0,55.0
2014-07-22,92.0,68.0,57.0,55.0
2014-07-23,92.0,68.0,57.0,55.0
2014-07-24,91.0,68.0,57.0,55.0
2014-07-25,90.0,69.0,57.0,55.0
2014-07-28,89.0,69.0,57.0,55.0
2014-07-29,89.0,69.0,57.0,55.0
2014-07-30,90.0,70.0,58.0,56.0
2014-07-31,92.0,70.0,59.0,57.0
2014-08-01,90.0,69.0,57.0,55.0
2014-08-04,88.0,67.0,57.0,55.0
2014-08-05,92.0,70.0,58.0,56.0
2014-08-06,93.0,73.0,60.0,57.0
2014-08-07,92.0,73.0,60.0,57.0
2014-08-08,93.0,73.0,59.0,56.0
2014-08-11,93.0,74.0,59.0,56.0
2014-08-12,93.0,74.0,59.0,56.0
2014-08-13,93.0,74.0,59.0,56.0
2014-08-14,93.0,74.0,59.0,56.0
2014-08-15,94.0,74.0,59.0,56.0
2014-08-18,91.0,74.0,58.0,55.0
2014-08-19,96.0,76.0,59.0,56.0
2014-08-20,96.0,76.0,59.0,56.0
2014-08-21,95.0,75.0,58.0,55.0
2014-08-22,96.0,77.0,59.0,56.0
2014-08-25,96.0,77.0,59.0,56.0
2014-08-26,99.0,80.0,62.0,59.0
2014-08-27,100.0,81.0,63.0,60.0
2014-08-28,99.0,80.0,62.0,59.0
2014-08-29,98.0,79.0,62.0,59.0
2014-09-01,97.0,80.0,61.0,58.0
2014-09-02,99.0,82.0,62.0,59.0
2014-09-03,99.0,82.0,63.0,59.0
2014-09-04,98.0,81.0,63.0,59.0
2014-09-05,96.0,82.0,62.0,58.0
2014-09-08,90.0,79.0,59.0,55.0
2014-09-09,91.0,80.0,60.0,56.0
2014-09-10,91.0,80.0,60.0,56.0
2014-09-11,91.0,80.0,60.0,56.0
2014-09-12,93.0,82.0,60.0,56.0
2014-09-15,95.0,84.0,61.0,57.0
2014-09-16,96.0,84.0,61.0,57.0
2014-09-17,97.0,85.0,63.0,59.0
2014-09-18,100.0,90.0,65.0,61.0
2014-09-19,97.0,88.0,62.0,58.0
2014-09-22,97.0,88.0,62.0,58.0
2014-09-23,97.0,88.0,62.0,58.0
2014-09-24,97.0,88.0,62.0,58.0
2014-09-25,95.0,86.0,60.0,56.0
2014-09-26,91.0,84.0,59.0,55.0
2014-09-29,81.0,75.0,50.0,47.0
2014-09-30,84.0,78.0,51.0,47.0
2014-10-01,91.0,85.0,56.0,52.0
2014-10-02,91.0,85.0,57.0,53.0
2014-10-03,90.0,84.0,56.0,53.0
2014-10-06,88.0,82.0,56.0,53.0
2014-10-07,90.0,83.0,56.0,53.0
2014-10-08,93.0,86.0,57.0,54.0
2014-10-09,91.0,85.0,56.0,53.0
2014-10-10,89.0,84.0,54.0,51.0
2014-10-13,88.0,84.0,55.0,52.0
2014-10-14,89.0,85.0,56.0,53.0
2014-10-15,93.0,89.0,60.0,57.0
2014-10-16,93.0,88.0,59.0,56.0
2014-10-17,95.0,90.0,59.0,56.0
2014-10-20,95.0,89.0,60.0,57.0
2014-10-21,97.0,90.0,61.0,58.0
2014-10-22,98.0,91.0,62.0,59.0
2014-10-23,98.0,91.0,62.0,59.0
2014-10-24,98.0,91.0,62.0,59.0
2014-10-27,97.0,90.0,61.0,58.0
2014-10-28,98.0,92.0,62.0,59.0
2014-10-29,98.0,92.0,62.0,59.0
2014-10-30,98.0,92.0,62.0,59.0
2014-10-31,97.0,91.0,62.0,59.0
2014-11-03,91.0,85.0,59.0,56.0
2014-11-04,96.0,89.0,63.0,60.0
2014-11-05,99.0,91.0,64.0,62.0
2014-11-06,100.0,92.0,64.0,62.0
2014-11-07,101.0,93.0,64.0,62.0
2014-11-10,98.0,90.0,61.0,59.0
2014-11-11,99.0,91.0,62.0,60.0
2014-11-12,100.0,92.0,63.0,60.0
2014-11-13,100.0,92.0,64.0,61.0
2014-11-14,100.0,93.0,64.0,61.0
2014-11-17,99.0,92.0,63.0,60.0
2014-11-18,106.0,97.0,65.0,63.0
2014-11-19,106.0,97.0,65.0,63.0
2014-11-20,104.0,97.0,64.0,62.0
2014-11-21,103.0,96.0,63.0,61.0
2014-11-24,103.0,96.0,63.0,61.0
2014-11-25,103.0,96.0,63.0,61.0
2014-11-26,104.0,97.0,64.0,62.0
2014-11-27,104.0,98.0,65.0,62.0
2014-11-28,105.0,99.0,65.0,62.0
2014-12-01,102.0,96.0,62.0,59.0
2014-12-02,105.0,99.0,65.0,62.0
2014-12-03,105.0,99.0,65.0,62.0
2014-12-04,,96.0,65.0,62.0
2014-12-05,,96.0,64.0,61.0
2014-12-08,,88.0,60.0,57.0
2014-12-09,,90.0,61.0,57.0
2014-12-10,,90.0,62.0,57.0
2014-12-11,,90.0,63.0,58.0
2014-12-12,,91.0,64.0,59.0
2014-12-15,,91.0,64.0,59.0
2014-12-16,,91.0,64.0,59.0
2014-12-17,,92.0,65.0,60.0
2014-12-18,,95.0,69.0,62.0
2014-12-19,,97.0,70.0,63.0
2014-12-22,,95.0,68.0,61.0
2014-12-23,,95.0,69.0,62.0
2014-12-24,,95.0,69.0,62.0
2014-12-26,,96.0,69.0,62.0
2014-12-29,,94.0,68.0,61.0
2014-12-30,,94.0,68.0,61.0
2014-12-31,,94.0,68.0,61.0
2015-01-02,94.0,68.0,61.0,58.0
2015-01-05,92.0,67.0,60.0,57.0
2015-01-06,92.0,67.0,60.0,57.0
2015-01-07,93.0,67.0,60.0,57.0
2015-01-08,92.0,68.0,61.0,58.0
2015-01-09,90.0,67.0,59.0,56.0
2015-01-12,92.0,69.0,61.0,58.0
2015-01-13,93.0,69.0,61.0,58.0
2015-01-14,94.0,70.0,61.0,58.0
2015-01-15,96.0,72.0,63.0,60.0
2015-01-16,97.0,72.0,63.0,60.0
2015-01-19,91.0,66.0,58.0,55.0
2015-01-20,91.0,66.0,58.0,55.0
2015-01-21,91.0,66.0,58.0,55.0
2015-01-22,94.0,67.0,59.0,56.0
2015-01-23,96.0,69.0,60.0,57.0
2015-01-26,94.0,68.0,59.0,56.0
2015-01-27,94.0,68.0,59.0,56.0
2015-01-28,94.0,69.0,59.0,56.0
2015-01-29,93.0,68.0,58.0,55.0
2015-01-30,94.0,68.0,58.0,55.0
2015-02-02,94.0,69.0,59.0,56.0
2015-02-03,94.0,69.0,59.0,56.0
2015-02-04,95.0,70.0,60.0,57.0
2015-02-05,94.0,69.0,59.0,56.0
2015-02-06,97.0,70.0,60.0,56.0
2015-02-09,95.0,69.0,59.0,55.0
2015-02-10,95.0,69.0,59.0,55.0
2015-02-11,97.0,71.0,60.0,56.0
2015-02-12,97.0,72.0,61.0,57.0
2015-02-13,99.0,73.0,62.0,58.0
2015-02-18,94.0,71.0,60.0,56.0
2015-02-19,96.0,73.0,62.0,58.0
2015-02-20,98.0,73.0,62.0,58.0
2015-02-23,99.0,74.0,63.0,59.0
2015-02-24,100.0,75.0,64.0,60.0
2015-02-25,102.0,75.0,64.0,60.0
2015-02-26,103.0,76.0,65.0,61.0
2015-02-27,103.0,76.0,65.0,61.0
2015-03-02,102.0,76.0,65.0,61.0
2015-03-03,102.0,76.0,65.0,61.0
2015-03-04,102.0,76.0,65.0,61.0
2015-03-05,102.0,76.0,65.0,61.0
2015-03-06,103.0,77.0,65.0,61.0
2015-03-09,102.0,77.0,64.0,60.0
2015-03-10,102.0,77.0,64.0,60.0
2015-03-11,102.0,77.0,64.0,60.0
2015-03-12,101.0,77.0,64.0,60.0
2015-03-13,101.0,78.0,63.0,59.0
2015-03-16,100.0,79.0,63.0,59.0
2015-03-17,101.0,79.0,63.0,59.0
2015-03-18,102.0,82.0,65.0,61.0
2015-03-19,103.0,83.0,66.0,61.0
2015-03-20,105.0,84.0,66.0,61.0
2015-03-23,100.0,81.0,63.0,58.0
2015-03-24,100.0,81.0,63.0,58.0
2015-03-25,100.0,81.0,63.0,58.0
2015-03-26,99.0,79.0,61.0,56.0
2015-03-27,99.0,79.0,61.0,56.0
2015-03-30,92.0,73.0,55.0,50.0
2015-03-31,96.0,77.0,57.0,52.0
2015-04-01,98.0,79.0,59.0,54.0
2015-04-02,98.0,80.0,60.0,55.0
2015-04-06,97.0,81.0,61.0,56.0
2015-04-07,97.0,81.0,61.0,56.0
2015-04-08,99.0,84.0,63.0,58.0
2015-04-09,100.0,85.0,64.0,59.0
2015-04-10,100.0,83.0,62.0,57.0
2015-04-13,102.0,85.0,63.0,58.0
2015-04-14,102.0,85.0,63.0,58.0
2015-04-15,102.0,85.0,63.0,58.0
2015-04-16,101.0,86.0,63.0,58.0
2015-04-17,101.0,86.0,63.0,58.0
2015-04-20,97.0,84.0,62.0,57.0
2015-04-22,97.0,83.0,63.0,57.0
2015-04-23,98.0,84.0,63.0,57.0
2015-04-24,101.0,85.0,64.0,58.0
2015-04-27,100.0,84.0,63.0,57.0
2015-04-28,101.0,85.0,64.0,58.0
2015-04-29,101.0,85.0,64.0,58.0
2015-04-30,101.0,85.0,64.0,58.0
2015-05-04,98.0,82.0,63.0,57.0
2015-05-05,98.0,82.0,63.0,57.0
2015-05-06,99.0,84.0,64.0,58.0
2015-05-07,99.0,84.0,64.0,58.0
2015-05-08,101.0,86.0,65.0,59.0
2015-05-11,97.0,83.0,62.0,56.0
2015-05-12,98.0,84.0,62.0,57.0
2015-05-13,99.0,85.0,63.0,58.0
2015-05-14,101.0,87.0,65.0,60.0
2015-05-15,103.0,89.0,67.0,62.0
2015-05-18,104.0,89.0,68.0,63.0
2015-05-19,104.0,90.0,68.0,63.0
2015-05-20,104.0,90.0,69.0,64.0
2015-05-21,104.0,90.0,69.0,64.0
2015-05-22,104.0,90.0,69.0,64.0
2015-05-25,100.0,88.0,68.0,63.0
2015-05-26,101.0,89.0,69.0,64.0
2015-05-27,102.0,89.0,69.0,64.0
2015-05-28,101.0,88.0,69.0,64.0
2015-05-29,100.0,88.0,68.0,63.0
2015-06-01,100.0,89.0,69.0,64.0
2015-06-02,101.0,89.0,69.0,64.0
2015-06-03,101.0,89.0,70.0,64.0
2015-06-26,104.0,77.0,71.0,66.0
2015-06-29,97.0,72.0,68.0,64.0
2015-06-30,99.0,76.0,71.0,65.0
2015-07-01,102.0,79.0,74.0,67.0
2015-07-02,103.0,81.0,75.0,69.0
2015-07-03,104.0,82.0,76.0,70.0
2015-07-06,104.0,82.0,76.0,70.0
2015-07-07,105.0,84.0,77.0,71.0
2015-07-08,105.0,84.0,77.0,71.0
2015-07-09,104.0,84.0,76.0,70.0
2015-07-10,105.0,85.0,77.0,71.0
2015-07-13,100.0,81.0,73.0,67.0
2015-07-14,103.0,83.0,75.0,69.0
2015-07-15,104.0,85.0,75.0,69.0
2015-07-16,103.0,86.0,74.0,68.0
2015-07-17,105.0,89.0,75.0,69.0
2015-07-20,104.0,89.0,76.0,70.0
2015-07-21,108.0,92.0,78.0,72.0
2015-07-22,108.0,93.0,78.0,72.0
2015-07-23,108.0,93.0,78.0,72.0
2015-07-24,107.0,93.0,78.0,72.0
2015-07-27,105.0,92.0,77.0,71.0
2015-07-28,105.0,93.0,77.0,71.0
2015-07-29,106.0,94.0,77.0,71.0
2015-07-30,105.0,94.0,77.0,71.0
2015-07-31,105.0,94.0,76.0,70.0
2015-08-03,106.0,96.0,78.0,72.0
2015-08-04,107.0,97.0,79.0,73.0
2015-08-05,109.0,99.0,79.0,73.0
2015-08-06,109.0,99.0,79.0,73.0
2015-08-07,108.0,98.0,78.0,73.0
2015-08-10,108.0,98.0,77.0,71.0
2015-08-11,108.0,98.0,77.0,71.0
2015-08-12,109.0,99.0,78.0,71.0
2015-08-13,108.0,98.0,78.0,71.0
2015-08-14,110.0,100.0,79.0,72.0
2015-08-17,108.0,99.0,77.0,70.0
2015-08-18,109.0,100.0,78.0,71.0
2015-08-19,109.0,100.0,78.0,71.0
2015-08-20,109.0,101.0,79.0,72.0
2015-08-21,110.0,102.0,78.0,71.0
2015-08-24,107.0,99.0,76.0,69.0
2015-08-25,107.0,100.0,76.0,69.0
2015-08-26,108.0,101.0,76.0,69.0
2015-08-27,107.0,100.0,76.0,69.0
2015-08-28,107.0,100.0,76.0,69.0
2015-08-31,105.0,98.0,75.0,68.0
2015-09-01,105.0,98.0,75.0,68.0
2015-09-02,105.0,98.0,75.0,68.0
2015-09-03,105.0,99.0,75.0,68.0
2015-09-04,105.0,99.0,75.0,68.0
2015-09-08,99.0,93.0,71.0,64.0
2015-09-09,100.0,94.0,72.0,65.0
2015-09-10,96.0,90.0,69.0,63.0
2015-09-11,97.0,91.0,70.0,63.0
2015-09-14,94.0,88.0,69.0,63.0
2015-09-15,94.0,88.0,69.0,63.0
2015-09-16,95.0,89.0,70.0,64.0
2015-09-17,96.0,90.0,69.0,63.0
2015-09-18,95.0,89.0,68.0,62.0
2015-09-21,93.0,88.0,67.0,61.0
2015-09-22,94.0,89.0,68.0,62.0
2015-09-23,95.0,90.0,69.0,63.0
2015-09-24,96.0,91.0,69.0,63.0
2015-09-25,95.0,91.0,69.0,63.0
2015-09-28,95.0,91.0,69.0,63.0
2015-09-29,95.0,91.0,69.0,63.0
2015-09-30,96.0,92.0,70.0,64.0
2015-10-01,92.0,88.0,68.0,62.0
2015-10-02,94.0,90.0,70.0,64.0
2015-10-05,96.0,93.0,71.0,65.0
2015-10-06,96.0,93.0,71.0,65.0
2015-10-07,98.0,95.0,72.0,66.0
2015-10-08,101.0,98.0,73.0,67.0
2015-10-09,101.0,98.0,73.0,67.0
2015-10-13,102.0,99.0,73.0,67.0
2015-10-14,103.0,100.0,74.0,68.0
2015-10-15,103.0,100.0,74.0,68.0
2015-10-16,104.0,101.0,75.0,69.0
2015-10-19,102.0,99.0,73.0,67.0
2015-10-20,105.0,102.0,75.0,69.0
2015-10-21,106.0,103.0,75.0,69.0
2015-10-22,104.0,101.0,74.0,68.0
2015-10-23,103.0,100.0,73.0,67.0
2015-10-26,100.0,97.0,70.0,64.0
2015-10-27,100.0,97.0,70.0,64.0
2015-10-28,100.0,98.0,70.0,64.0
2015-10-29,100.0,98.0,70.0,64.0
2015-10-30,101.0,99.0,71.0,65.0
2015-11-03,101.0,99.0,70.0,64.0
2015-11-04,101.0,99.0,70.0,64.0
2015-11-05,100.0,98.0,69.0,63.0
2015-11-06,102.0,100.0,70.0,64.0
2015-11-09,102.0,100.0,72.0,66.0
2015-11-10,103.0,101.0,73.0,67.0
2015-11-11,103.0,101.0,73.0,67.0
2015-11-12,104.0,102.0,73.0,67.0
2015-11-13,105.0,103.0,75.0,69.0
2015-11-16,103.0,101.0,73.0,67.0
2015-11-17,106.0,104.0,75.0,69.0
2015-11-18,109.0,107.0,77.0,71.0
2015-11-19,108.0,106.0,76.0,70.0
2015-11-20,106.0,104.0,75.0,69.0
2015-11-23,105.0,103.0,75.0,69.0
2015-11-24,105.0,103.0,75.0,69.0
2015-11-25,105.0,103.0,76.0,69.0
2015-11-26,,103.0,76.0,69.0
2015-11-27,,104.0,77.0,70.0
2015-11-30,,101.0,75.0,68.0
2015-12-01,,102.0,76.0,69.0
2015-12-02,,102.0,76.0,69.0
2015-12-03,,102.0,76.0,70.0
2015-12-04,,101.0,76.0,70.0
2015-12-07,,94.0,73.0,67.0
2015-12-08,,94.0,73.0,68.0
2015-12-09,,96.0,74.0,69.0
2015-12-10,,98.0,75.0,69.0
2015-12-11,,100.0,76.0,70.0
2015-12-14,,100.0,77.0,70.0
2015-12-15,,101.0,78.0,71.0
2015-12-16,,101.0,78.0,71.0
2015-12-17,,100.0,77.0,70.0
2015-12-18,,98.0,77.0,70.0
2015-12-21,,91.0,75.0,67.0
2015-12-22,,93.0,77.0,67.0
2015-12-23,,95.0,78.0,68.0
2015-12-24,,95.0,78.0,68.0
2015-12-28,,94.0,78.0,67.0
2015-12-29,,94.0,78.0,67.0
2015-12-30,,95.0,79.0,68.0
2015-12-31,,94.0,79.0,68.0
2016-01-04,94.0,79.0,68.0,64.0
2016-01-05,94.0,79.0,68.0,64.0
2016-01-06,94.0,79.0,68.0,64.0
2016-01-07,93.0,78.0,68.0,64.0
2016-01-08,91.0,77.0,66.0,62.0
2016-01-11,88.0,74.0,64.0,60.0
2016-01-12,93.0,78.0,67.0,63.0
2016-01-13,94.0,78.0,67.0,63.0
2016-01-14,93.0,77.0,67.0,62.0
2016-01-15,94.0,78.0,68.0,64.0
2016-01-18,98.0,81.0,70.0,66.0
2016-01-19,99.0,82.0,71.0,67.0
2016-01-20,99.0,82.0,71.0,67.0
2016-01-21,99.0,83.0,71.0,67.0
2016-01-22,101.0,85.0,73.0,69.0
2016-01-25,97.0,83.0,71.0,68.0
2016-01-26,98.0,84.0,72.0,69.0
2016-01-27,99.0,85.0,72.0,69.0
2016-01-28,101.0,86.0,73.0,70.0
2016-01-29,103.0,88.0,74.0,71.0
2016-02-01,102.0,87.0,73.0,70.0
2016-02-02,104.0,89.0,75.0,71.0
2016-02-03,108.0,90.0,76.0,71.0
2016-02-04,103.0,87.0,74.0,69.0
2016-02-05,106.0,89.0,76.0,71.0
2016-02-10,109.0,92.0,76.0,71.0
2016-02-11,107.0,91.0,75.0,70.0
2016-02-12,109.0,93.0,77.0,72.0
2016-02-15,106.0,92.0,75.0,71.0
2016-02-16,106.0,92.0,75.0,71.0
2016-02-17,107.0,93.0,76.0,72.0
2016-02-18,107.0,93.0,76.0,72.0
2016-02-19,106.0,92.0,75.0,71.0
2016-02-22,102.0,89.0,72.0,68.0
2016-02-23,103.0,90.0,73.0,69.0
2016-02-24,105.0,92.0,75.0,70.0
2016-02-25,106.0,93.0,75.0,70.0
2016-02-26,106.0,93.0,75.0,70.0
2016-02-29,99.0,87.0,72.0,67.0
2016-03-01,99.0,87.0,72.0,67.0
2016-03-02,99.0,87.0,72.0,67.0
2016-03-03,98.0,87.0,72.0,67.0
2016-03-04,99.0,88.0,73.0,68.0
2016-03-07,91.0,83.0,68.0,63.0
2016-03-08,92.0,84.0,68.0,63.0
2016-03-09,94.0,85.0,69.0,64.0
2016-03-10,97.0,87.0,70.0,65.0
2016-03-11,98.0,88.0,71.0,66.0
2016-03-14,92.0,82.0,68.0,63.0
2016-03-15,92.0,82.0,68.0,63.0
2016-03-16,93.0,82.0,68.0,63.0
2016-03-17,92.0,81.0,68.0,63.0
2016-03-18,94.0,82.0,68.0,63.0
2016-03-21,96.0,84.0,70.0,65.0
2016-03-22,99.0,87.0,71.0,66.0
2016-03-23,99.0,87.0,71.0,66.0
2016-03-24,94.0,83.0,67.0,62.0
2016-03-28,86.0,75.0,59.0,56.0
2016-03-29,88.0,77.0,61.0,58.0
2016-03-30,92.0,81.0,65.0,62.0
2016-03-31,95.0,84.0,69.0,66.0
2016-04-01,96.0,85.0,70.0,67.0
2016-04-04,97.0,86.0,70.0,67.0
2016-04-05,99.0,88.0,70.0,67.0
2016-04-06,99.0,88.0,70.0,67.0
2016-04-07,99.0,88.0,70.0,67.0
2016-04-08,101.0,90.0,72.0,69.0
2016-04-11,99.0,90.0,73.0,70.0
2016-04-12,99.0,90.0,73.0,70.0
2016-04-13,100.0,90.0,73.0,70.0
2016-04-14,99.0,89.0,72.0,69.0
2016-04-15,100.0,89.0,72.0,69.0
2016-04-18,99.0,88.0,72.0,69.0
2016-04-19,100.0,89.0,73.0,70.0
2016-04-20,100.0,89.0,73.0,70.0
2016-04-22,96.0,86.0,70.0,68.0
2016-04-25,96.0,86.0,70.0,68.0
2016-04-26,96.0,86.0,70.0,68.0
2016-04-27,97.0,87.0,71.0,69.0
2016-04-28,97.0,87.0,71.0,69.0
2016-04-29,101.0,91.0,75.0,72.0
2016-05-02,97.0,87.0,72.0,69.0
2016-05-03,97.0,87.0,72.0,69.0
2016-05-04,98.0,88.0,73.0,70.0
2016-05-05,95.0,85.0,71.0,68.0
2016-05-06,97.0,86.0,72.0,69.0
2016-05-09,97.0,86.0,71.0,68.0
2016-05-10,98.0,87.0,72.0,69.0
2016-05-11,98.0,89.0,72.0,69.0
2016-05-12,97.0,88.0,71.0,68.0
2016-05-13,98.0,89.0,72.0,69.0
2016-05-16,98.0,90.0,72.0,69.0
2016-05-17,99.0,91.0,73.0,70.0
2016-05-18,100.0,92.0,73.0,70.0
2016-05-19,97.0,90.0,71.0,68.0
2016-05-20,98.0,90.0,71.0,68.0
2016-05-23,95.0,88.0,69.0,66.0
2016-05-24,96.0,89.0,69.0,66.0
2016-05-25,96.0,89.0,69.0,66.0
2016-05-27,96.0,89.0,68.0,65.0
2016-05-30,93.0,86.0,65.0,62.0
2016-05-31,96.0,89.0,68.0,65.0
2016-06-01,98.0,91.0,70.0,67.0
2016-06-02,96.0,89.0,69.0,66.0
2016-06-03,96.0,89.0,69.0,66.0
2016-06-06,92.0,86.0,66.0,64.0
2016-06-07,93.0,87.0,67.0,65.0
2016-06-08,97.0,91.0,71.0,68.0
2016-06-30,109.0,76.0,77.0,72.0
2016-07-01,107.0,75.0,75.0,70.0
2016-07-04,108.0,76.0,76.0,70.0
2016-07-05,109.0,77.0,77.0,71.0
2016-07-06,110.0,79.0,79.0,73.0
2016-07-07,110.0,78.0,79.0,73.0
2016-07-08,110.0,79.0,79.0,73.0
2016-07-11,108.0,79.0,77.0,71.0
2016-07-12,109.0,79.0,78.0,72.0
2016-07-13,109.0,86.0,78.0,72.0
2016-07-14,109.0,85.0,77.0,72.0
2016-07-15,108.0,86.0,76.0,71.0
2016-07-18,105.0,85.0,73.0,69.0
2016-07-19,108.0,87.0,76.0,72.0
2016-07-20,112.0,90.0,79.0,75.0
2016-07-21,110.0,90.0,77.0,74.0
2016-07-22,110.0,90.0,77.0,74.0
2016-07-25,106.0,89.0,75.0,71.0
2016-07-26,106.0,89.0,75.0,71.0
2016-07-27,106.0,89.0,75.0,71.0
2016-07-28,108.0,91.0,76.0,72.0
2016-07-29,108.0,91.0,76.0,72.0
2016-08-01,102.0,85.0,73.0,68.0
2016-08-02,102.0,87.0,73.0,68.0
2016-08-03,103.0,89.0,74.0,69.0
2016-08-04,103.0,90.0,75.0,70.0
2016-08-05,104.0,91.0,75.0,70.0
2016-08-08,102.0,89.0,73.0,68.0
2016-08-09,103.0,90.0,74.0,69.0
2016-08-10,104.0,92.0,75.0,70.0
2016-08-11,104.0,92.0,75.0,70.0
2016-08-12,104.0,92.0,76.0,71.0
2016-08-15,105.0,93.0,78.0,73.0
2016-08-16,106.0,94.0,79.0,74.0
2016-08-17,106.0,94.0,79.0,74.0
2016-08-18,106.0,95.0,80.0,75.0
2016-08-19,101.0,92.0,76.0,71.0
2016-08-22,98.0,93.0,72.0,67.0
2016-08-23,104.0,98.0,76.0,71.0
2016-08-24,104.0,98.0,76.0,71.0
2016-08-25,104.0,98.0,76.0,71.0
2016-08-26,105.0,99.0,77.0,72.0
2016-08-29,101.0,95.0,74.0,69.0
2016-08-30,102.0,96.0,75.0,70.0
2016-08-31,102.0,96.0,75.0,70.0
2016-09-01,104.0,98.0,77.0,72.0
2016-09-02,104.0,98.0,76.0,72.0
2016-09-05,103.0,98.0,75.0,71.0
2016-09-06,105.0,99.0,77.0,73.0
2016-09-08,106.0,100.0,78.0,74.0
2016-09-09,108.0,102.0,80.0,75.0
2016-09-12,104.0,98.0,76.0,71.0
2016-09-13,105.0,99.0,77.0,72.0
2016-09-14,105.0,99.0,77.0,72.0
2016-09-15,107.0,101.0,78.0,72.0
2016-09-16,107.0,101.0,78.0,72.0
2016-09-19,107.0,101.0,78.0,72.0
2016-09-20,108.0,102.0,80.0,73.0
2016-09-21,109.0,104.0,81.0,74.0
2016-09-22,107.0,102.0,80.0,73.0
2016-09-23,104.0,100.0,78.0,71.0
2016-09-26,104.0,100.0,77.0,70.0
2016-09-27,104.0,101.0,77.0,70.0
2016-09-28,104.0,101.0,77.0,70.0
2016-09-29,104.0,101.0,77.0,70.0
2016-09-30,105.0,102.0,77.0,70.0
2016-10-03,104.0,101.0,77.0,70.0
2016-10-04,105.0,102.0,78.0,71.0
2016-10-05,105.0,102.0,78.0,71.0
2016-10-06,103.0,101.0,77.0,70.0
2016-10-07,103.0,101.0,77.0,70.0
2016-10-10,103.0,100.0,75.0,68.0
2016-10-11,105.0,102.0,78.0,70.0
2016-10-13,106.0,103.0,79.0,71.0
2016-10-14,107.0,104.0,80.0,72.0
2016-10-17,106.0,103.0,80.0,72.0
2016-10-18,109.0,106.0,80.0,72.0
2016-10-19,109.0,107.0,80.0,72.0
2016-10-20,107.0,105.0,78.0,70.0
2016-10-21,107.0,105.0,78.0,70.0
2016-10-24,107.0,105.0,78.0,70.0
2016-10-25,108.0,106.0,79.0,71.0
2016-10-26,109.0,107.0,79.0,72.0
2016-10-27,109.0,107.0,79.0,72.0
2016-10-28,110.0,108.0,80.0,73.0
2016-10-31,112.0,110.0,81.0,73.0
2016-11-01,113.0,110.0,82.0,74.0
2016-11-03,113.0,110.0,82.0,74.0
2016-11-04,115.0,112.0,84.0,75.0
2016-11-07,113.0,110.0,82.0,73.0
2016-11-08,114.0,111.0,84.0,75.0
2016-11-09,116.0,112.0,86.0,77.0
2016-11-10,116.0,112.0,87.0,78.0
2016-11-11,114.0,110.0,84.0,75.0
2016-11-14,114.0,109.0,84.0,75.0
2016-11-16,114.0,109.0,84.0,75.0
2016-11-17,112.0,107.0,82.0,73.0
2016-11-18,111.0,106.0,85.0,74.0
2016-11-21,109.0,104.0,83.0,74.0
2016-11-22,115.0,110.0,88.0,77.0
2016-11-23,115.0,110.0,89.0,77.0
2016-11-24,114.0,109.0,88.0,76.0
2016-11-25,114.0,110.0,89.0,77.0
2016-11-28,112.0,108.0,88.0,76.0
2016-11-29,113.0,108.0,88.0,76.0
2016-11-30,113.0,108.0,88.0,76.0
2016-12-01,,108.0,88.0,76.0
2016-12-02,,107.0,87.0,74.0
2016-12-05,,102.0,84.0,71.0
2016-12-06,,104.0,86.0,73.0
2016-12-07,,105.0,86.0,73.0
2016-12-08,,106.0,86.0,73.0
2016-12-09,,104.0,84.0,71.0
2016-12-12,,101.0,83.0,70.0
2016-12-13,,104.0,85.0,72.0
2016-12-14,,105.0,86.0,73.0
2016-12-15,,104.0,86.0,73.0
2016-12-16,,104.0,86.0,73.0
2016-12-19,,102.0,84.0,71.0
2016-12-20,,104.0,85.0,72.0
2016-12-21,,106.0,87.0,74.0
2016-12-22,,106.0,87.0,74.0
2016-12-23,,103.0,85.0,72.0
2016-12-26,,98.0,81.0,71.0
2016-12-27,,99.0,82.0,72.0
2016-12-28,,99.0,82.0,72.0
2016-12-29,,99.0,83.0,72.0
2016-12-30,,99.0,83.0,72.0
2017-01-02,94.0,79.0,69.0,63.0
2017-01-03,97.0,81.0,70.0,64.0
2017-01-04,98.0,83.0,72.0,66.0
2017-01-05,99.0,84.0,73.0,67.0
2017-01-06,100.0,84.0,72.0,66.0
2017-01-09,100.0,85.0,72.0,66.0
2017-01-10,101.0,85.0,72.0,66.0
2017-01-11,102.0,86.0,73.0,67.0
2017-01-12,104.0,88.0,74.0,68.0
2017-01-13,103.0,87.0,73.0,67.0
2017-01-16,103.0,88.0,73.0,67.0
2017-01-17,104.0,89.0,74.0,68.0
2017-01-18,105.0,91.0,75.0,69.0
2017-01-19,103.0,89.0,73.0,67.0
2017-01-20,101.0,90.0,72.0,66.0
2017-01-23,101.0,90.0,71.0,66.0
2017-01-24,102.0,90.0,70.0,65.0
2017-01-25,102.0,90.0,70.0,65.0
2017-01-26,103.0,91.0,70.0,65.0
2017-01-27,105.0,93.0,72.0,66.0
2017-01-30,104.0,92.0,71.0,65.0
2017-01-31,105.0,93.0,72.0,66.0
2017-02-01,105.0,94.0,73.0,67.0
2017-02-02,106.0,96.0,74.0,68.0
2017-02-03,108.0,97.0,75.0,69.0
2017-02-06,110.0,100.0,77.0,71.0
2017-02-07,110.0,100.0,77.0,71.0
2017-02-08,111.0,100.0,77.0,71.0
2017-02-09,112.0,101.0,78.0,71.0
2017-02-10,111.0,100.0,77.0,71.0
2017-02-13,109.0,100.0,76.0,71.0
2017-02-14,111.0,102.0,78.0,73.0
2017-02-15,113.0,103.0,79.0,75.0
2017-02-16,114.0,104.0,80.0,76.0
2017-02-17,113.0,103.0,79.0,75.0
2017-02-20,111.0,101.0,80.0,76.0
2017-02-21,113.0,104.0,81.0,76.0
2017-02-22,114.0,105.0,82.0,77.0
2017-02-23,113.0,105.0,82.0,77.0
2017-02-24,113.0,104.0,82.0,77.0
2017-03-01,111.0,102.0,80.0,75.0
2017-03-02,110.0,101.0,80.0,75.0
2017-03-03,110.0,101.0,80.0,75.0
2017-03-06,105.0,96.0,75.0,69.0
2017-03-07,106.0,97.0,76.0,70.0
2017-03-08,106.0,97.0,76.0,70.0
2017-03-09,103.0,94.0,74.0,68.0
2017-03-10,105.0,96.0,76.0,70.0
2017-03-13,103.0,94.0,74.0,69.0
2017-03-14,106.0,96.0,76.0,71.0
2017-03-15,108.0,99.0,79.0,74.0
2017-03-16,107.0,98.0,78.0,73.0
2017-03-17,107.0,98.0,78.0,73.0
2017-03-20,106.0,97.0,77.0,72.0
2017-03-21,108.0,99.0,78.0,74.0
2017-03-22,108.0,100.0,78.0,74.0
2017-03-23,106.0,98.0,76.0,72.0
2017-03-24,106.0,98.0,76.0,72.0
2017-03-27,102.0,94.0,72.0,68.0
2017-03-28,102.0,94.0,72.0,68.0
2017-03-29,104.0,95.0,73.0,69.0
2017-03-30,105.0,96.0,74.0,70.0
2017-03-31,107.0,98.0,75.0,71.0
2017-04-03,107.0,98.0,75.0,72.0
2017-04-04,110.0,101.0,77.0,74.0
2017-04-05,111.0,102.0,78.0,75.0
2017-04-06,111.0,102.0,78.0,76.0
2017-04-07,113.0,104.0,79.0,76.0
2017-04-10,110.0,101.0,76.0,72.0
2017-04-11,111.0,102.0,77.0,73.0
2017-04-12,112.0,103.0,78.0,74.0
2017-04-13,111.0,103.0,78.0,74.0
2017-04-17,107.0,99.0,76.0,72.0
2017-04-18,108.0,100.0,76.0,72.0
2017-04-19,108.0,100.0,77.0,73.0
2017-04-20,110.0,102.0,78.0,75.0
2017-04-24,107.0,99.0,76.0,73.0
2017-04-25,107.0,99.0,76.0,73.0
2017-04-26,108.0,100.0,77.0,74.0
2017-04-27,108.0,100.0,77.0,74.0
2017-04-28,108.0,100.0,77.0,74.0
2017-05-02,104.0,97.0,76.0,73.0
2017-05-03,107.0,100.0,78.0,75.0
2017-05-04,107.0,100.0,78.0,75.0
2017-05-05,107.0,100.0,78.0,75.0
2017-05-08,101.0,94.0,74.0,72.0
2017-05-09,104.0,97.0,76.0,74.0
2017-05-10,106.0,99.0,78.0,75.0
2017-05-11,106.0,99.0,78.0,75.0
2017-05-12,106.0,99.0,78.0,75.0
2017-05-15,106.0,99.0,79.0,75.0
2017-05-16,107.0,100.0,80.0,76.0
2017-05-17,107.0,100.0,80.0,76.0
2017-05-18,107.0,100.0,79.0,75.0
2017-05-19,105.0,98.0,78.0,74.0
2017-05-22,109.0,102.0,79.0,75.0
2017-05-23,110.0,102.0,80.0,76.0
2017-05-24,111.0,103.0,81.0,77.0
2017-05-25,111.0,103.0,81.0,77.0
2017-05-26,111.0,103.0,81.0,77.0
2017-05-29,114.0,106.0,83.0,79.0
2017-05-30,115.0,107.0,83.0,80.0
2017-05-31,115.0,107.0,83.0,80.0
2017-06-30,106.0,82.0,76.0,72.0
2017-07-03,103.0,81.0,75.0,71.0
2017-07-04,103.0,81.0,75.0,71.0
2017-07-05,104.0,81.0,76.0,72.0
2017-07-06,105.0,81.0,77.0,73.0
2017-07-07,106.0,81.0,78.0,74.0
2017-07-10,105.0,83.0,75.0,71.0
2017-07-11,106.0,84.0,77.0,73.0
2017-07-12,107.0,85.0,78.0,74.0
2017-07-13,106.0,84.0,77.0,73.0
2017-07-14,107.0,86.0,78.0,74.0
2017-07-17,108.0,87.0,79.0,75.0
2017-07-18,111.0,89.0,80.0,76.0
2017-07-19,113.0,91.0,82.0,78.0
2017-07-20,112.0,92.0,82.0,78.0
2017-07-21,112.0,95.0,82.0,78.0
2017-07-24,111.0,95.0,82.0,78.0
2017-07-25,113.0,97.0,83.0,79.0
2017-07-26,113.0,97.0,83.0,79.0
2017-07-27,115.0,99.0,84.0,81.0
2017-07-28,114.0,98.0,83.0,80.0
2017-07-31,108.0,96.0,77.0,73.0
2017-08-01,109.0,97.0,78.0,74.0
2017-08-02,112.0,100.0,81.0,77.0
2017-08-03,112.0,100.0,81.0,77.0
2017-08-04,112.0,101.0,81.0,77.0
2017-08-07,110.0,101.0,79.0,75.0
2017-08-08,114.0,105.0,82.0,78.0
2017-08-09,117.0,109.0,84.0,81.0
2017-08-10,117.0,109.0,85.0,82.0
2017-08-11,118.0,110.0,86.0,83.0
2017-08-14,117.0,109.0,85.0,82.0
2017-08-15,118.0,110.0,86.0,83.0
2017-08-16,118.0,110.0,86.0,83.0
2017-08-17,116.0,108.0,85.0,82.0
2017-08-18,117.0,109.0,86.0,83.0
2017-08-21,115.0,107.0,85.0,82.0
2017-08-22,118.0,110.0,87.0,84.0
2017-08-23,118.0,110.0,88.0,84.0
2017-08-24,118.0,110.0,88.0,84.0
2017-08-25,117.0,110.0,87.0,83.0
2017-08-28,113.0,106.0,84.0,80.0
2017-08-29,114.0,107.0,85.0,81.0
2017-08-30,114.0,107.0,85.0,81.0
2017-08-31,113.0,106.0,84.0,81.0
2017-09-01,115.0,108.0,85.0,82.0
2017-09-04,113.0,105.0,83.0,80.0
2017-09-05,113.0,105.0,83.0,80.0
2017-09-06,114.0,106.0,84.0,81.0
2017-09-08,116.0,109.0,86.0,83.0
2017-09-11,112.0,105.0,83.0,80.0
2017-09-12,112.0,105.0,83.0,80.0
2017-09-13,112.0,105.0,83.0,80.0
2017-09-14,113.0,106.0,84.0,81.0
2017-09-15,114.0,107.0,85.0,82.0
2017-09-18,113.0,106.0,84.0,81.0
2017-09-19,113.0,106.0,84.0,81.0
2017-09-20,114.0,107.0,84.0,81.0
2017-09-21,110.0,104.0,81.0,78.0
2017-09-22,111.0,105.0,82.0,79.0
2017-09-25,109.0,103.0,80.0,78.0
2017-09-26,109.0,103.0,80.0,78.0
2017-09-27,109.0,103.0,80.0,78.0
2017-09-28,109.0,103.0,80.0,78.0
2017-09-29,109.0,104.0,81.0,79.0
2017-10-02,107.0,102.0,80.0,78.0
2017-10-03,109.0,104.0,81.0,79.0
2017-10-04,110.0,105.0,82.0,80.0
2017-10-05,110.0,105.0,83.0,81.0
2017-10-06,110.0,105.0,83.0,81.0
2017-10-09,107.0,102.0,81.0,79.0
2017-10-10,108.0,103.0,82.0,80.0
2017-10-11,108.0,103.0,81.0,79.0
2017-10-13,107.0,102.0,80.0,78.0
2017-10-16,106.0,101.0,78.0,76.0
2017-10-17,107.0,102.0,79.0,77.0
2017-10-18,111.0,107.0,84.0,82.0
2017-10-19,109.0,105.0,84.0,82.0
2017-10-20,107.0,103.0,83.0,81.0
2017-10-23,105.0,101.0,82.0,80.0
2017-10-24,105.0,101.0,82.0,80.0
2017-10-25,106.0,102.0,83.0,80.0
2017-10-26,107.0,103.0,84.0,81.0
2017-10-27,107.0,103.0,85.0,82.0
2017-10-30,105.0,101.0,83.0,80.0
2017-10-31,108.0,104.0,85.0,82.0
2017-11-01,108.0,104.0,85.0,82.0
2017-11-03,106.0,102.0,83.0,80.0
2017-11-06,104.0,100.0,81.0,78.0
2017-11-07,105.0,101.0,82.0,79.0
2017-11-08,107.0,103.0,84.0,81.0
2017-11-09,107.0,103.0,84.0,80.0
2017-11-10,108.0,104.0,85.0,81.0
2017-11-13,106.0,103.0,85.0,81.0
2017-11-14,107.0,104.0,85.0,81.0
2017-11-16,107.0,104.0,86.0,81.0
2017-11-17,107.0,104.0,86.0,81.0
2017-11-20,101.0,98.0,83.0,78.0
2017-11-21,102.0,99.0,83.0,78.0
2017-11-22,106.0,102.0,85.0,80.0
2017-11-23,105.0,101.0,85.0,80.0
2017-11-24,107.0,103.0,87.0,81.0
2017-11-27,107.0,103.0,85.0,79.0
2017-11-28,109.0,105.0,86.0,80.0
2017-11-29,109.0,105.0,86.0,80.0
2017-11-30,109.0,105.0,86.0,80.0
2017-12-01,109.0,106.0,86.0,80.0
2017-12-04,110.0,107.0,87.0,81.0
2017-12-05,110.0,107.0,87.0,81.0
2017-12-06,110.0,107.0,87.0,81.0
2017-12-07,,105.0,85.0,79.0
2017-12-08,,106.0,86.0,79.0
2017-12-11,,100.0,80.0,73.0
2017-12-12,,101.0,82.0,74.0
2017-12-13,,101.0,82.0,74.0
2017-12-14,,103.0,84.0,76.0
2017-12-15,,105.0,86.0,77.0
2017-12-18,,104.0,84.0,75.0
2017-12-19,,104.0,84.0,75.0
2017-12-20,,107.0,87.0,78.0
2017-12-21,,108.0,87.0,78.0
2017-12-22,,108.0,87.0,78.0
2017-12-26,,106.0,85.0,76.0
2017-12-27,,106.0,85.0,76.0
2017-12-28,,104.0,84.0,75.0
2017-12-29,,106.0,86.0,77.0
2018-01-02,99.0,80.0,71.0,68.0
2018-01-03,100.0,81.0,72.0,69.0
2018-01-04,98.0,81.0,72.0,69.0
2018-01-05,97.0,80.0,71.0,68.0
2018-01-08,92.0,77.0,67.0,64.0
2018-01-09,94.0,79.0,69.0,66.0
2018-01-10,99.0,84.0,74.0,71.0
2018-01-11,99.0,84.0,73.0,70.0
2018-01-12,100.0,85.0,74.0,72.0
2018-01-15,96.0,81.0,71.0,68.0
2018-01-16,97.0,82.0,72.0,69.0
2018-01-17,97.0,82.0,72.0,69.0
2018-01-18,98.0,83.0,73.0,70.0
2018-01-19,99.0,84.0,74.0,71.0
2018-01-22,100.0,87.0,76.0,73.0
2018-01-23,104.0,90.0,79.0,76.0
2018-01-24,104.0,90.0,79.0,76.0
2018-01-25,104.0,90.0,79.0,76.0
2018-01-26,104.0,90.0,79.0,76.0
2018-01-29,98.0,84.0,74.0,71.0
2018-01-30,99.0,86.0,74.0,71.0
2018-01-31,100.0,87.0,75.0,72.0
2018-02-01,101.0,88.0,75.0,72.0
2018-02-02,103.0,90.0,77.0,74.0
2018-02-05,103.0,90.0,77.0,74.0
2018-02-06,106.0,93.0,80.0,77.0
2018-02-07,106.0,93.0,80.0,77.0
2018-02-08,107.0,94.0,81.0,78.0
2018-02-09,107.0,95.0,81.0,78.0
2018-02-14,103.0,91.0,77.0,74.0
2018-02-15,103.0,92.0,78.0,76.0
2018-02-16,105.0,94.0,80.0,77.0
2018-02-19,106.0,94.0,81.0,78.0
2018-02-20,108.0,95.0,82.0,79.0
2018-02-21,110.0,97.0,84.0,81.0
2018-02-22,109.0,96.0,83.0,80.0
2018-02-23,109.0,96.0,83.0,80.0
2018-02-26,113.0,99.0,85.0,83.0
2018-02-27,113.0,99.0,85.0,83.0
2018-02-28,114.0,100.0,86.0,84.0
2018-03-01,114.0,100.0,86.0,84.0
2018-03-02,116.0,102.0,88.0,85.0
2018-03-05,114.0,100.0,86.0,83.0
2018-03-06,114.0,100.0,86.0,83.0
2018-03-07,115.0,101.0,87.0,84.0
2018-03-08,114.0,100.0,86.0,83.0
2018-03-09,110.0,97.0,84.0,81.0
2018-03-12,111.0,98.0,85.0,82.0
2018-03-13,111.0,98.0,85.0,82.0
2018-03-14,115.0,104.0,88.0,85.0
2018-03-15,117.0,106.0,89.0,86.0
2018-03-16,117.0,106.0,89.0,86.0
2018-03-19,115.0,104.0,87.0,84.0
2018-03-20,116.0,105.0,88.0,85.0
2018-03-21,116.0,105.0,88.0,85.0
2018-03-22,112.0,102.0,85.0,82.0
2018-03-23,110.0,102.0,85.0,82.0
2018-03-26,101.0,94.0,78.0,75.0
2018-03-27,103.0,96.0,79.0,76.0
2018-03-28,105.0,98.0,81.0,77.0
2018-03-29,107.0,100.0,82.0,78.0
2018-04-02,105.0,98.0,81.0,77.0
2018-04-03,107.0,100.0,82.0,78.0
2018-04-04,107.0,100.0,82.0,78.0
2018-04-05,107.0,99.0,81.0,77.0
2018-04-06,108.0,99.0,81.0,77.0
2018-04-09,109.0,100.0,82.0,78.0
2018-04-10,110.0,101.0,83.0,79.0
2018-04-11,110.0,101.0,83.0,79.0
2018-04-12,109.0,100.0,82.0,78.0
2018-04-13,111.0,103.0,84.0,80.0
2018-04-16,101.0,94.0,76.0,72.0
2018-04-17,105.0,98.0,80.0,76.0
2018-04-18,109.0,101.0,82.0,78.0
2018-04-19,110.0,102.0,83.0,79.0
2018-04-20,110.0,102.0,83.0,79.0
2018-04-23,107.0,99.0,80.0,77.0
2018-04-24,107.0,99.0,80.0,77.0
2018-04-25,107.0,99.0,80.0,77.0
2018-04-26,107.0,99.0,80.0,77.0
2018-04-27,107.0,99.0,81.0,78.0
2018-04-30,106.0,98.0,80.0,77.0
2018-05-02,107.0,99.0,81.0,78.0
2018-05-03,106.0,98.0,80.0,77.0
2018-05-04,105.0,97.0,80.0,76.0
2018-05-07,105.0,97.0,81.0,77.0
2018-05-08,105.0,97.0,81.0,77.0
2018-05-09,109.0,101.0,84.0,79.0
2018-05-10,106.0,98.0,81.0,76.0
2018-05-11,106.0,98.0,81.0,76.0
2018-05-14,103.0,96.0,79.0,74.0
2018-05-15,106.0,99.0,82.0,77.0
2018-05-16,106.0,99.0,82.0,77.0
2018-05-17,105.0,98.0,81.0,76.0
2018-05-18,105.0,97.0,81.0,76.0
2018-05-21,101.0,94.0,78.0,73.0
2018-05-22,106.0,98.0,82.0,77.0
2018-05-23,107.0,99.0,83.0,78.0
2018-05-24,107.0,99.0,83.0,78.0
2018-05-25,107.0,99.0,83.0,78.0
2018-05-28,106.0,98.0,82.0,77.0
2018-05-29,106.0,98.0,82.0,77.0
2018-05-30,106.0,98.0,82.0,77.0
2018-06-01,105.0,97.0,81.0,76.0
2018-06-04,104.0,96.0,80.0,75.0
2018-06-05,104.0,96.0,80.0,75.0
2018-06-06,104.0,96.0,80.0,75.0
2018-06-07,104.0,97.0,81.0,75.0
2018-06-08,105.0,98.0,82.0,76.0
2018-06-11,101.0,94.0,78.0,73.0
2018-06-12,102.0,95.0,79.0,74.0
2018-06-13,103.0,97.0,79.0,74.0
2018-06-14,106.0,100.0,81.0,76.0
2018-06-15,104.0,98.0,79.0,74.0
2018-06-18,102.0,97.0,78.0,73.0
2018-06-19,103.0,99.0,79.0,74.0
2018-06-20,104.0,100.0,80.0,75.0
2018-06-21,102.0,96.0,78.0,73.0
2018-06-22,99.0,90.0,76.0,71.0
2018-06-25,97.0,88.0,74.0,69.0
2018-06-26,99.0,89.0,76.0,71.0
2018-06-27,99.0,86.0,76.0,71.0
2018-06-28,99.0,87.0,76.0,71.0
2018-06-29,100.0,81.0,77.0,72.0
2018-07-02,98.0,78.0,76.0,71.0
2018-07-03,99.0,77.0,76.0,71.0
2018-07-04,100.0,72.0,77.0,72.0
2018-07-05,100.0,71.0,77.0,72.0
2018-07-06,100.0,71.0,77.0,72.0
2018-07-09,97.0,67.0,74.0,71.0
2018-07-10,100.0,70.0,76.0,72.0
2018-07-11,101.0,70.0,77.0,73.0
2018-07-12,101.0,70.0,77.0,73.0
2018-07-13,101.0,70.0,77.0,73.0
2018-07-16,98.0,65.0,75.0,71.0
2018-07-17,99.0,65.0,75.0,71.0
2018-07-18,100.0,66.0,76.0,72.0
2018-07-19,101.0,66.0,76.0,73.0
2018-07-20,101.0,64.0,76.0,71.0
2018-07-23,101.0,65.0,76.0,71.0
2018-07-24,101.0,67.0,76.0,71.0
2018-07-25,102.0,69.0,77.0,72.0
2018-07-26,103.0,71.0,78.0,73.0
2018-07-27,103.0,71.0,78.0,73.0
2018-07-30,101.0,72.0,77.0,72.0
2018-07-31,103.0,73.0,78.0,73.0
2018-08-01,103.0,73.0,78.0,73.0
2018-08-02,104.0,74.0,79.0,74.0
2018-08-03,105.0,76.0,81.0,76.0
2018-08-06,102.0,75.0,78.0,73.0
2018-08-07,102.0,76.0,78.0,73.0
2018-08-08,102.0,76.0,78.0,73.0
2018-08-09,104.0,77.0,80.0,74.0
2018-08-10,104.0,76.0,80.0,74.0
2018-08-13,104.0,76.0,80.0,74.0
2018-08-14,104.0,77.0,81.0,75.0
2018-08-15,105.0,77.0,81.0,75.0
2018-08-16,102.0,75.0,78.0,72.0
2018-08-17,102.0,75.0,79.0,73.0
2018-08-20,97.0,74.0,75.0,70.0
2018-08-21,98.0,75.0,76.0,71.0
2018-08-22,104.0,80.0,81.0,76.0
2018-08-23,105.0,81.0,81.0,76.0
2018-08-24,104.0,80.0,81.0,76.0
2018-08-27,99.0,76.0,76.0,71.0
2018-08-28,100.0,77.0,77.0,72.0
2018-08-29,100.0,77.0,77.0,72.0
2018-08-30,99.0,76.0,76.0,71.0
2018-08-31,99.0,76.0,76.0,71.0
2018-09-03,96.0,73.0,74.0,69.0
2018-09-04,97.0,74.0,75.0,70.0
2018-09-05,97.0,74.0,75.0,70.0
2018-09-06,98.0,76.0,76.0,71.0
2018-09-10,97.0,75.0,74.0,70.0
2018-09-11,98.0,75.0,75.0,70.0
2018-09-12,100.0,77.0,76.0,71.0
2018-09-13,100.0,77.0,76.0,71.0
2018-09-14,100.0,77.0,76.0,71.0
2018-09-17,96.0,77.0,73.0,70.0
2018-09-18,99.0,79.0,76.0,73.0
2018-09-19,99.0,79.0,76.0,73.0
2018-09-20,100.0,80.0,77.0,74.0
2018-09-21,100.0,80.0,77.0,73.0
2018-09-24,95.0,76.0,73.0,69.0
2018-09-25,96.0,77.0,74.0,70.0
2018-09-26,96.0,77.0,74.0,70.0
2018-09-27,97.0,77.0,75.0,71.0
2018-09-28,98.0,77.0,76.0,71.0
2018-10-01,96.0,75.0,74.0,69.0
2018-10-02,96.0,75.0,75.0,70.0
2018-10-03,97.0,78.0,76.0,71.0
2018-10-04,97.0,79.0,76.0,71.0
2018-10-05,97.0,79.0,76.0,71.0
2018-10-08,97.0,79.0,76.0,71.0
2018-10-09,98.0,80.0,77.0,71.0
2018-10-10,98.0,80.0,77.0,71.0
2018-10-11,99.0,82.0,78.0,72.0
2018-10-15,94.0,78.0,75.0,70.0
2018-10-16,94.0,78.0,75.0,70.0
2018-10-17,95.0,79.0,76.0,71.0
2018-10-18,95.0,80.0,75.0,70.0
2018-10-19,95.0,79.0,75.0,69.0
2018-10-22,95.0,79.0,76.0,71.0
2018-10-23,95.0,79.0,76.0,71.0
2018-10-24,99.0,84.0,79.0,74.0
2018-10-25,102.0,89.0,82.0,77.0
2018-10-26,102.0,91.0,81.0,76.0
2018-10-29,103.0,92.0,82.0,77.0
2018-10-30,103.0,92.0,82.0,77.0
2018-10-31,103.0,92.0,82.0,77.0
2018-11-01,105.0,94.0,83.0,78.0
2018-11-05,105.0,94.0,83.0,78.0
2018-11-06,107.0,97.0,85.0,80.0
2018-11-07,108.0,98.0,85.0,80.0
2018-11-08,109.0,99.0,86.0,81.0
2018-11-09,109.0,99.0,87.0,81.0
2018-11-12,107.0,97.0,86.0,80.0
2018-11-13,107.0,97.0,86.0,80.0
2018-11-14,107.0,98.0,86.0,81.0
2018-11-16,107.0,99.0,86.0,81.0
2018-11-19,104.0,97.0,83.0,78.0
2018-11-20,104.0,97.0,83.0,78.0
2018-11-21,105.0,99.0,84.0,79.0
2018-11-22,103.0,98.0,82.0,77.0
2018-11-23,103.0,98.0,84.0,78.0
2018-11-26,100.0,95.0,83.0,78.0
2018-11-27,101.0,97.0,83.0,78.0
2018-11-28,101.0,97.0,83.0,78.0
2018-11-29,101.0,97.0,83.0,78.0
2018-11-30,101.0,97.0,85.0,78.0
2018-12-03,100.0,96.0,85.0,77.0
2018-12-04,100.0,96.0,85.0,77.0
2018-12-05,103.0,100.0,89.0,79.0
2018-12-06,103.0,100.0,89.0,79.0
2018-12-07,103.0,99.0,88.0,78.0
2018-12-10,102.0,98.0,87.0,77.0
2018-12-11,102.0,98.0,87.0,77.0
2018-12-12,102.0,98.0,87.0,77.0
2018-12-13,,98.0,87.0,77.0
2018-12-14,,98.0,87.0,77.0
2018-12-17,,102.0,91.0,79.0
2018-12-18,,103.0,92.0,79.0
2018-12-19,,103.0,92.0,79.0
2018-12-20,,103.0,93.0,80.0
2018-12-21,,105.0,95.0,82.0
2018-12-24,,100.0,91.0,78.0
2018-12-26,,102.0,93.0,80.0
2018-12-27,,100.0,91.0,78.0
2018-12-28,,100.0,91.0,78.0
2018-12-31,,100.0,91.0,78.0
2019-01-02,100.0,91.0,78.0,72.0
2019-01-03,100.0,91.0,78.0,72.0
2019-01-04,99.0,91.0,78.0,72.0
2019-01-07,93.0,86.0,74.0,68.0
2019-01-08,93.0,86.0,74.0,68.0
2019-01-09,93.0,87.0,74.0,68.0
2019-01-10,94.0,88.0,75.0,69.0
2019-01-11,96.0,91.0,77.0,71.0
2019-01-14,97.0,91.0,78.0,72.0
2019-01-15,99.0,93.0,79.0,73.0
2019-01-16,99.0,93.0,79.0,73.0
2019-01-17,95.0,90.0,78.0,72.0
2019-01-18,100.0,95.0,83.0,77.0
2019-01-21,93.0,89.0,77.0,72.0
2019-01-22,93.0,89.0,77.0,72.0
2019-01-23,93.0,89.0,77.0,72.0
2019-01-24,93.0,89.0,77.0,72.0
2019-01-25,93.0,89.0,77.0,72.0
2019-01-28,89.0,86.0,75.0,69.0
2019-01-29,93.0,89.0,78.0,71.0
2019-01-30,95.0,91.0,80.0,73.0
2019-01-31,99.0,95.0,84.0,77.0
2019-02-01,105.0,98.0,87.0,80.0
2019-02-04,105.0,98.0,87.0,80.0
2019-02-05,105.0,98.0,87.0,80.0
2019-02-06,105.0,98.0,87.0,80.0
2019-02-07,105.0,98.0,87.0,80.0
2019-02-08,104.0,97.0,86.0,79.0
2019-02-11,104.0,97.0,87.0,80.0
2019-02-12,104.0,97.0,87.0,80.0
2019-02-13,104.0,97.0,87.0,80.0
2019-02-14,103.0,96.0,85.0,78.0
2019-02-15,104.0,97.0,85.0,78.0
2019-02-18,101.0,94.0,82.0,75.0
2019-02-19,101.0,94.0,82.0,75.0
2019-02-20,102.0,95.0,83.0,76.0
2019-02-21,102.0,95.0,83.0,76.0
2019-02-22,104.0,97.0,85.0,78.0
2019-02-25,103.0,96.0,84.0,78.0
2019-02-26,103.0,96.0,84.0,78.0
2019-02-27,103.0,96.0,84.0,78.0
2019-02-28,102.0,95.0,83.0,78.0
2019-03-01,101.0,94.0,82.0,77.0
2019-03-06,94.0,88.0,76.0,71.0
2019-03-07,97.0,91.0,79.0,74.0
2019-03-08,98.0,92.0,80.0,75.0
2019-03-11,100.0,94.0,82.0,77.0
2019-03-12,100.0,94.0,82.0,77.0
2019-03-13,100.0,94.0,82.0,77.0
2019-03-14,98.0,92.0,80.0,75.0
2019-03-15,102.0,95.0,83.0,76.0
2019-03-18,100.0,95.0,83.0,76.0
2019-03-19,100.0,95.0,83.0,76.0
2019-03-20,101.0,96.0,83.0,76.0
2019-03-21,101.0,96.0,82.0,76.0
2019-03-22,101.0,96.0,82.0,76.0
2019-03-25,100.0,95.0,81.0,75.0
2019-03-26,102.0,97.0,83.0,77.0
2019-03-27,103.0,98.0,84.0,78.0
2019-03-28,104.0,99.0,85.0,79.0
2019-03-29,105.0,100.0,86.0,79.0
2019-04-01,105.0,99.0,85.0,78.0
2019-04-02,105.0,99.0,85.0,78.0
2019-04-03,105.0,99.0,85.0,78.0
2019-04-04,105.0,99.0,85.0,78.0
2019-04-05,106.0,100.0,86.0,79.0
2019-04-08,105.0,99.0,85.0,78.0
2019-04-09,106.0,99.0,85.0,78.0
2019-04-10,107.0,100.0,86.0,79.0
2019-04-11,107.0,100.0,86.0,79.0
2019-04-12,106.0,99.0,85.0,79.0
2019-04-15,97.0,91.0,77.0,72.0
2019-04-16,101.0,95.0,81.0,75.0
2019-04-17,101.0,95.0,81.0,75.0
2019-04-18,104.0,97.0,83.0,77.0
2019-04-22,106.0,99.0,85.0,79.0
2019-04-23,108.0,100.0,86.0,79.0
2019-04-24,108.0,100.0,86.0,79.0
2019-04-25,109.0,101.0,87.0,80.0
2019-04-26,108.0,100.0,86.0,79.0
2019-04-29,103.0,94.0,81.0,75.0
2019-04-30,106.0,97.0,83.0,76.0
2019-05-02,108.0,99.0,85.0,78.0
2019-05-03,111.0,102.0,88.0,81.0
2019-05-06,111.0,102.0,88.0,81.0
2019-05-07,112.0,103.0,89.0,82.0
2019-05-08,113.0,104.0,90.0,83.0
2019-05-09,113.0,104.0,89.0,82.0
2019-05-10,113.0,106.0,89.0,82.0
2019-05-13,114.0,106.0,89.0,82.0
2019-05-14,115.0,107.0,90.0,83.0
2019-05-15,115.0,107.0,90.0,83.0
2019-05-16,115.0,107.0,90.0,83.0
2019-05-17,115.0,107.0,91.0,84.0
2019-05-20,115.0,108.0,92.0,85.0
2019-05-21,116.0,109.0,93.0,86.0
2019-05-22,116.0,109.0,93.0,86.0
2019-05-23,115.0,108.0,92.0,85.0
2019-05-24,115.0,108.0,92.0,85.0
2019-05-27,115.0,108.0,92.0,85.0
2019-05-28,115.0,108.0,92.0,85.0
2019-05-29,116.0,108.0,92.0,85.0
2019-05-30,115.0,107.0,91.0,84.0
2019-05-31,114.0,106.0,90.0,84.0
2019-06-03,106.0,100.0,85.0,79.0
2019-06-04,108.0,102.0,86.0,80.0
2019-06-05,110.0,104.0,88.0,82.0
2019-06-06,107.0,101.0,85.0,79.0
2019-06-07,109.0,102.0,86.0,80.0
2019-06-10,108.0,101.0,87.0,81.0
2019-06-11,109.0,101.0,87.0,81.0
2019-06-12,109.0,101.0,87.0,81.0
2019-06-13,110.0,102.0,88.0,82.0
2019-06-14,114.0,106.0,90.0,83.0
2019-06-17,112.0,104.0,89.0,82.0
2019-06-18,113.0,105.0,90.0,83.0
2019-06-19,114.0,105.0,90.0,83.0
2019-06-21,113.0,96.0,88.0,81.0
2019-06-24,114.0,96.0,90.0,81.0
2019-06-25,115.0,92.0,91.0,82.0
2019-06-26,115.0,90.0,91.0,82.0
2019-06-27,115.0,91.0,91.0,82.0
2019-06-28,114.0,89.0,90.0,81.0
2019-07-01,114.0,87.0,90.0,81.0
2019-07-02,114.0,87.0,90.0,81.0
2019-07-03,114.0,89.0,90.0,81.0
2019-07-04,114.0,89.0,90.0,81.0
2019-07-05,114.0,89.0,91.0,82.0
2019-07-08,113.0,88.0,90.0,81.0
2019-07-09,113.0,88.0,90.0,81.0
2019-07-10,114.0,90.0,91.0,82.0
2019-07-11,113.0,90.0,91.0,82.0
2019-07-12,113.0,93.0,92.0,83.0
2019-07-15,105.0,86.0,86.0,77.0
2019-07-16,106.0,87.0,87.0,78.0
2019-07-17,107.0,88.0,88.0,79.0
2019-07-18,107.0,88.0,88.0,79.0
2019-07-19,110.0,92.0,90.0,81.0
2019-07-22,108.0,92.0,89.0,80.0
2019-07-23,111.0,95.0,90.0,81.0
2019-07-24,111.0,96.0,90.0,81.0
2019-07-25,109.0,95.0,88.0,81.0
2019-07-26,109.0,98.0,88.0,80.0
2019-07-29,106.0,96.0,85.0,77.0
2019-07-30,109.0,99.0,88.0,80.0
2019-07-31,109.0,99.0,88.0,80.0
2019-08-01,109.0,100.0,89.0,80.0
2019-08-02,110.0,101.0,89.0,80.0
2019-08-05,110.0,101.0,88.0,79.0
2019-08-06,111.0,103.0,89.0,80.0
2019-08-07,111.0,103.0,89.0,80.0
2019-08-08,113.0,105.0,91.0,81.0
2019-08-09,113.0,106.0,91.0,81.0
2019-08-12,110.0,103.0,88.0,79.0
2019-08-13,110.0,103.0,88.0,79.0
2019-08-14,111.0,105.0,89.0,79.0
2019-08-15,111.0,105.0,89.0,79.0
2019-08-16,109.0,103.0,87.0,77.0
2019-08-19,105.0,100.0,84.0,74.0
2019-08-20,107.0,101.0,85.0,75.0
2019-08-21,107.0,101.0,85.0,75.0
2019-08-22,107.0,102.0,85.0,75.0
2019-08-23,106.0,102.0,86.0,76.0
2019-08-26,101.0,97.0,81.0,72.0
2019-08-27,101.0,97.0,81.0,72.0
2019-08-28,101.0,97.0,81.0,72.0
2019-08-29,99.0,95.0,80.0,71.0
2019-08-30,98.0,94.0,80.0,70.0
2019-09-02,97.0,94.0,78.0,69.0
2019-09-03,97.0,94.0,78.0,69.0
2019-09-04,97.0,94.0,79.0,69.0
2019-09-05,96.0,94.0,80.0,71.0
2019-09-06,99.0,97.0,83.0,74.0
2019-09-09,95.0,93.0,80.0,71.0
2019-09-10,98.0,96.0,81.0,71.0
2019-09-11,98.0,96.0,81.0,71.0
2019-09-12,97.0,95.0,81.0,71.0
2019-09-13,107.0,105.0,89.0,79.0
2019-09-16,108.0,106.0,88.0,78.0
2019-09-17,109.0,107.0,88.0,78.0
2019-09-18,109.0,107.0,88.0,78.0
2019-09-19,110.0,107.0,89.0,79.0
2019-09-20,112.0,109.0,90.0,80.0
2019-09-23,110.0,107.0,88.0,78.0
2019-09-24,112.0,109.0,90.0,80.0
2019-09-25,112.0,109.0,90.0,80.0
2019-09-26,112.0,109.0,90.0,80.0
2019-09-27,111.0,109.0,90.0,80.0
2019-09-30,111.0,108.0,89.0,80.0
2019-10-01,111.0,108.0,89.0,80.0
2019-10-02,111.0,108.0,89.0,80.0
2019-10-03,112.0,109.0,90.0,81.0
2019-10-04,112.0,109.0,89.0,80.0
2019-10-07,107.0,104.0,84.0,75.0
2019-10-08,109.0,106.0,85.0,76.0
2019-10-09,111.0,108.0,85.0,77.0
2019-10-10,111.0,108.0,85.0,77.0
2019-10-11,111.0,108.0,85.0,77.0
2019-10-14,106.0,103.0,82.0,74.0
2019-10-15,107.0,104.0,83.0,75.0
2019-10-16,107.0,104.0,83.0,75.0
2019-10-17,106.0,104.0,84.0,76.0
2019-10-18,108.0,106.0,87.0,78.0
2019-10-21,107.0,106.0,86.0,77.0
2019-10-22,109.0,108.0,88.0,79.0
2019-10-23,110.0,109.0,89.0,80.0
2019-10-24,111.0,110.0,90.0,81.0
2019-10-25,113.0,111.0,90.0,82.0
2019-10-28,112.0,110.0,89.0,81.0
2019-10-29,112.0,110.0,89.0,81.0
2019-10-30,112.0,110.0,89.0,81.0
2019-10-31,111.0,109.0,88.0,80.0
2019-11-01,113.0,111.0,89.0,80.0
2019-11-04,113.0,110.0,88.0,80.0
2019-11-05,113.0,110.0,88.0,80.0
2019-11-06,115.0,111.0,88.0,80.0
2019-11-07,115.0,111.0,88.0,80.0
2019-11-08,115.0,111.0,90.0,82.0
2019-11-11,113.0,109.0,90.0,81.0
2019-11-12,114.0,110.0,91.0,82.0
2019-11-13,114.0,110.0,91.0,82.0
2019-11-14,115.0,111.0,92.0,83.0
2019-11-18,112.0,108.0,90.0,81.0
2019-11-19,113.0,109.0,91.0,82.0
2019-11-20,115.0,111.0,92.0,83.0
2019-11-21,114.0,110.0,91.0,82.0
2019-11-22,114.0,110.0,91.0,82.0
2019-11-25,109.0,106.0,89.0,81.0
2019-11-26,109.0,106.0,89.0,81.0
2019-11-27,109.0,106.0,89.0,81.0
2019-11-28,110.0,107.0,89.0,81.0
2019-11-29,110.0,107.0,89.0,81.0
2019-12-02,107.0,104.0,87.0,80.0
2019-12-03,108.0,105.0,88.0,81.0
2019-12-04,109.0,106.0,88.0,81.0
2019-12-05,108.0,106.0,87.0,80.0
2019-12-06,108.0,106.0,87.0,80.0
2019-12-09,104.0,103.0,85.0,78.0
2019-12-10,104.0,103.0,85.0,78.0
2019-12-11,104.0,103.0,85.0,78.0
2019-12-12,,105.0,87.0,80.0
2019-12-13,,106.0,88.0,81.0
2019-12-16,,103.0,86.0,79.0
2019-12-17,,103.0,86.0,79.0
2019-12-18,,104.0,87.0,80.0
2019-12-19,,105.0,87.0,80.0
2019-12-20,,106.0,87.0,80.0
2019-12-23,,107.0,89.0,81.0
2019-12-24,,108.0,90.0,82.0
2019-12-26,,109.0,90.0,82.0
2019-12-27,,110.0,90.0,82.0
2019-12-30,,109.0,89.0,81.0
2019-12-31,,109.0,89.0,81.0
2020-01-02,109.0,89.0,81.0,74.0
2020-01-03,108.0,90.0,81.0,74.0
2020-01-06,98.0,81.0,73.0,67.0
2020-01-07,101.0,84.0,75.0,69.0
2020-01-08,101.0,84.0,75.0,69.0
2020-01-09,101.0,84.0,75.0,69.0
2020-01-10,104.0,87.0,76.0,71.0
2020-01-13,103.0,85.0,74.0,70.0
2020-01-14,105.0,87.0,76.0,72.0
2020-01-15,106.0,88.0,77.0,72.0
2020-01-16,103.0,85.0,74.0,69.0
2020-01-17,104.0,86.0,75.0,69.0
2020-01-20,95.0,78.0,67.0,62.0
2020-01-21,96.0,79.0,68.0,63.0
2020-01-22,97.0,81.0,69.0,64.0
2020-01-23,94.0,79.0,67.0,63.0
2020-01-24,102.0,87.0,75.0,70.0
2020-01-27,103.0,89.0,77.0,72.0
2020-01-28,104.0,90.0,77.0,72.0
2020-01-29,104.0,90.0,77.0,72.0
2020-01-30,103.0,89.0,76.0,71.0
2020-01-31,107.0,92.0,79.0,73.0
2020-02-03,108.0,93.0,80.0,74.0
2020-02-04,109.0,94.0,81.0,75.0
2020-02-05,110.0,95.0,82.0,76.0
2020-02-06,109.0,94.0,81.0,75.0
2020-02-07,110.0,94.0,81.0,75.0
2020-02-10,108.0,92.0,81.0,76.0
2020-02-11,110.0,94.0,83.0,77.0
2020-02-12,110.0,94.0,83.0,77.0
2020-02-13,109.0,94.0,83.0,76.0
2020-02-14,110.0,97.0,84.0,77.0
2020-02-17,113.0,100.0,86.0,79.0
2020-02-18,113.0,100.0,86.0,79.0
2020-02-19,113.0,101.0,86.0,79.0
2020-02-20,113.0,101.0,86.0,79.0
2020-02-21,114.0,102.0,86.0,79.0
2020-02-26,109.0,97.0,81.0,75.0
2020-02-27,110.0,97.0,81.0,75.0
2020-02-28,112.0,99.0,84.0,77.0
2020-03-02,110.0,99.0,84.0,77.0
2020-03-03,110.0,99.0,85.0,77.0
2020-03-04,112.0,101.0,87.0,78.0
2020-03-05,110.0,101.0,86.0,77.0
2020-03-06,112.0,103.0,87.0,78.0
2020-03-09,108.0,99.0,84.0,75.0
2020-03-10,109.0,99.0,84.0,75.0
2020-03-11,112.0,101.0,86.0,77.0
2020-03-12,111.0,100.0,85.0,76.0
2020-03-13,117.0,105.0,90.0,81.0
2020-03-16,117.0,105.0,89.0,80.0
2020-03-17,117.0,105.0,89.0,80.0
2020-03-18,117.0,105.0,89.0,80.0
2020-03-19,114.0,102.0,87.0,78.0
2020-03-20,115.0,102.0,87.0,78.0
2020-03-23,112.0,101.0,87.0,80.0
2020-03-24,112.0,101.0,87.0,80.0
2020-03-25,113.0,102.0,87.0,80.0
2020-03-26,113.0,102.0,87.0,80.0
2020-03-27,113.0,103.0,86.0,80.0
2020-03-30,111.0,102.0,84.0,78.0
2020-03-31,111.0,102.0,84.0,78.0
2020-04-01,111.0,102.0,84.0,78.0
2020-04-02,110.0,101.0,83.0,77.0
2020-04-03,110.0,103.0,84.0,78.0
2020-04-06,107.0,98.0,80.0,74.0
2020-04-07,108.0,99.0,81.0,75.0
2020-04-08,109.0,100.0,82.0,76.0
2020-04-09,111.0,102.0,84.0,78.0
2020-04-13,103.0,96.0,79.0,72.0
2020-04-14,106.0,98.0,81.0,74.0
2020-04-15,106.0,98.0,81.0,73.0
2020-04-16,106.0,98.0,81.0,73.0
2020-04-17,108.0,100.0,83.0,75.0
2020-04-20,106.0,98.0,82.0,74.0
2020-04-22,107.0,99.0,82.0,74.0
2020-04-23,107.0,100.0,82.0,74.0
2020-04-24,108.0,101.0,82.0,74.0
2020-04-27,103.0,96.0,78.0,71.0
2020-04-28,104.0,97.0,79.0,72.0
2020-04-29,107.0,99.0,82.0,75.0
2020-04-30,107.0,99.0,84.0,75.0
2020-05-04,104.0,96.0,83.0,74.0
2020-05-05,105.0,97.0,84.0,75.0
2020-05-06,106.0,98.0,84.0,75.0
2020-05-07,106.0,98.0,84.0,75.0
2020-05-08,105.0,97.0,84.0,74.0
2020-05-11,103.0,94.0,81.0,71.0
2020-05-12,104.0,95.0,81.0,71.0
2020-05-13,104.0,95.0,81.0,71.0
2020-05-14,103.0,94.0,80.0,71.0
2020-05-15,102.0,93.0,79.0,70.0
2020-05-18,103.0,94.0,79.0,71.0
2020-05-19,103.0,95.0,80.0,71.0
2020-05-20,103.0,95.0,80.0,71.0
2020-05-21,103.0,95.0,80.0,71.0
2020-05-22,106.0,98.0,82.0,72.0
2020-05-25,107.0,98.0,82.0,72.0
2020-05-26,108.0,99.0,83.0,73.0
2020-05-27,108.0,99.0,83.0,73.0
2020-05-28,108.0,99.0,83.0,73.0
2020-05-29,107.0,98.0,82.0,72.0
2020-06-01,104.0,96.0,80.0,70.0
2020-06-02,104.0,96.0,80.0,70.0
2020-06-03,104.0,96.0,80.0,70.0
2020-06-04,104.0,96.0,80.0,70.0
2020-06-05,104.0,95.0,79.0,69.0
2020-06-08,97.0,89.0,74.0,64.0
2020-06-09,100.0,92.0,76.0,66.0
2020-06-10,103.0,95.0,78.0,69.0
2020-06-12,106.0,98.0,84.0,76.0
2020-06-15,104.0,96.0,83.0,75.0
2020-06-16,104.0,96.0,83.0,75.0
2020-06-17,104.0,96.0,83.0,75.0
2020-06-18,104.0,96.0,83.0,75.0
2020-06-19,106.0,97.0,84.0,76.0
2020-06-22,106.0,97.0,84.0,76.0
2020-06-23,107.0,98.0,85.0,77.0
2020-06-24,108.0,99.0,85.0,77.0
2020-06-25,107.0,99.0,84.0,76.0
2020-06-26,106.0,98.0,83.0,75.0
2020-06-29,105.0,97.0,82.0,75.0
2020-06-30,106.0,98.0,83.0,76.0
2020-07-01,107.0,99.0,83.0,76.0
2020-07-02,107.0,99.0,83.0,76.0
2020-07-03,108.0,100.0,84.0,77.0
2020-07-06,109.0,101.0,86.0,79.0
2020-07-07,110.0,102.0,86.0,79.0
2020-07-08,110.0,102.0,86.0,79.0
2020-07-09,110.0,102.0,86.0,79.0
2020-07-10,108.0,100.0,86.0,79.0
2020-07-13,103.0,95.0,82.0,76.0
2020-07-14,103.0,95.0,82.0,76.0
2020-07-15,104.0,96.0,83.0,77.0
2020-07-16,104.0,96.0,83.0,77.0
2020-07-17,105.0,97.0,84.0,78.0
2020-07-20,104.0,96.0,83.0,78.0
2020-07-21,104.0,96.0,83.0,78.0
2020-07-22,104.0,96.0,83.0,78.0
2020-07-23,104.0,96.0,83.0,78.0
2020-07-24,112.0,103.0,89.0,82.0
2020-07-27,107.0,98.0,84.0,77.0
2020-07-28,107.0,98.0,84.0,77.0
2020-07-29,107.0,98.0,84.0,77.0
2020-07-30,107.0,98.0,85.0,77.0
2020-07-31,112.0,104.0,89.0,81.0
2020-08-03,110.0,102.0,88.0,80.0
2020-08-04,110.0,102.0,88.0,80.0
2020-08-05,110.0,103.0,89.0,80.0
2020-08-06,109.0,102.0,88.0,79.0
2020-08-07,111.0,104.0,90.0,81.0
2020-08-10,109.0,102.0,88.0,79.0
2020-08-11,111.0,104.0,89.0,80.0
2020-08-12,112.0,105.0,90.0,81.0
2020-08-13,110.0,103.0,88.0,79.0
2020-08-14,111.0,104.0,89.0,80.0
2020-08-17,110.0,103.0,89.0,80.0
2020-08-18,111.0,104.0,90.0,82.0
2020-08-19,111.0,104.0,90.0,82.0
2020-08-20,111.0,104.0,90.0,82.0
2020-08-21,111.0,104.0,90.0,82.0
2020-08-24,105.0,98.0,84.0,76.0
2020-08-25,105.0,98.0,84.0,76.0
2020-08-26,106.0,99.0,84.0,76.0
2020-08-27,106.0,99.0,84.0,76.0
2020-08-28,110.0,104.0,89.0,81.0
2020-08-31,107.0,103.0,88.0,80.0
2020-09-01,108.0,104.0,89.0,81.0
2020-09-02,108.0,104.0,89.0,81.0
2020-09-03,106.0,102.0,87.0,79.0
2020-09-04,108.0,104.0,89.0,82.0
2020-09-08,105.0,101.0,88.0,80.0
2020-09-09,107.0,102.0,89.0,81.0
2020-09-10,107.0,103.0,90.0,81.0
2020-09-11,109.0,104.0,92.0,82.0
2020-09-14,105.0,101.0,89.0,80.0
2020-09-15,105.0,101.0,89.0,80.0
2020-09-16,105.0,101.0,89.0,80.0
2020-09-17,106.0,102.0,90.0,80.0
2020-09-18,106.0,102.0,90.0,80.0
2020-09-21,106.0,102.0,90.0,80.0
2020-09-22,106.0,102.0,90.0,80.0
2020-09-23,106.0,102.0,90.0,80.0
2020-09-24,106.0,102.0,90.0,80.0
2020-09-25,107.0,104.0,91.0,81.0
2020-09-28,100.0,97.0,85.0,76.0
2020-09-29,100.0,97.0,85.0,76.0
2020-09-30,100.0,97.0,85.0,76.0
2020-10-01,98.0,95.0,83.0,74.0
2020-10-02,101.0,98.0,85.0,76.0
2020-10-05,98.0,95.0,83.0,74.0
2020-10-06,98.0,95.0,83.0,74.0
2020-10-07,99.0,96.0,84.0,76.0
2020-10-08,99.0,96.0,84.0,76.0
2020-10-09,103.0,99.0,87.0,79.0
2020-10-13,97.0,94.0,81.0,73.0
2020-10-14,99.0,96.0,82.0,74.0
2020-10-15,100.0,97.0,84.0,76.0
2020-10-16,102.0,99.0,85.0,77.0
2020-10-19,102.0,99.0,84.0,76.0
2020-10-20,102.0,99.0,85.0,76.0
2020-10-21,103.0,100.0,86.0,77.0
2020-10-22,105.0,102.0,88.0,79.0
2020-10-23,109.0,106.0,92.0,82.0
2020-10-26,111.0,109.0,93.0,83.0
2020-10-27,111.0,109.0,93.0,83.0
2020-10-28,111.0,109.0,93.0,83.0
2020-10-29,112.0,111.0,94.0,84.0
2020-10-30,111.0,110.0,93.0,83.0
2020-11-03,108.0,107.0,91.0,81.0
2020-11-04,108.0,107.0,91.0,81.0
2020-11-05,107.0,106.0,90.0,79.0
2020-11-06,109.0,108.0,93.0,81.0
2020-11-09,106.0,106.0,91.0,79.0
2020-11-10,106.0,106.0,91.0,79.0
2020-11-11,106.0,106.0,91.0,79.0
2020-11-12,106.0,106.0,92.0,80.0
2020-11-13,106.0,106.0,92.0,80.0
2020-11-16,103.0,103.0,90.0,78.0
2020-11-17,104.0,104.0,90.0,78.0
2020-11-18,104.0,104.0,90.0,78.0
2020-11-19,102.0,102.0,88.0,76.0
2020-11-20,106.0,106.0,91.0,79.0
2020-11-23,100.0,100.0,85.0,74.0
2020-11-24,101.0,101.0,86.0,75.0
2020-11-25,102.0,102.0,87.0,76.0
2020-11-26,102.0,102.0,87.0,76.0
2020-11-27,106.0,106.0,91.0,79.0
2020-11-30,106.0,106.0,90.0,78.0
2020-12-01,110.0,110.0,94.0,81.0
2020-12-02,112.0,112.0,98.0,84.0
2020-12-03,112.0,112.0,98.0,84.0
2020-12-04,115.0,115.0,100.0,85.0
2020-12-07,114.0,114.0,99.0,84.0
2020-12-08,115.0,115.0,100.0,85.0
2020-12-09,115.0,115.0,100.0,85.0
2020-12-10,,114.0,99.0,84.0
2020-12-11,,114.0,99.0,84.0
2020-12-14,,113.0,98.0,83.0
2020-12-15,,114.0,99.0,84.0
2020-12-16,,114.0,99.0,84.0
2020-12-17,,113.0,98.0,83.0
2020-12-18,,113.0,99.0,83.0
2020-12-21,,109.0,96.0,81.0
2020-12-22,,109.0,96.0,81.0
2020-12-23,,109.0,96.0,81.0
2020-12-24,,106.0,95.0,80.0
2020-12-28,,102.0,92.0,79.0
2020-12-29,,103.0,94.0,79.0
2020-12-30,,103.0,94.0,79.0
2020-12-31,,103.0,94.0,79.0
2021-01-04,84.0,78.0,66.0,62.0
2021-01-05,87.0,81.0,68.0,64.0
2021-01-06,88.0,82.0,69.0,65.0
2021-01-07,90.0,84.0,71.0,67.0
2021-01-08,89.0,83.0,70.0,66.0
2021-01-11,87.0,81.0,69.0,65.0
2021-01-12,89.0,83.0,71.0,67.0
2021-01-13,94.0,86.0,73.0,69.0
2021-01-14,94.0,87.0,72.0,68.0
2021-01-15,105.0,97.0,81.0,74.0
2021-01-18,105.0,98.0,82.0,75.0
2021-01-19,105.0,98.0,83.0,75.0
2021-01-20,105.0,98.0,83.0,75.0
2021-01-21,103.0,97.0,82.0,74.0
2021-01-22,105.0,97.0,82.0,76.0
2021-01-25,105.0,97.0,81.0,76.0
2021-01-26,107.0,99.0,83.0,78.0
2021-01-27,107.0,99.0,83.0,78.0
2021-01-28,106.0,98.0,82.0,77.0
2021-01-29,107.0,99.0,83.0,78.0
2021-02-01,108.0,100.0,84.0,79.0
2021-02-02,108.0,100.0,85.0,80.0
2021-02-03,111.0,103.0,87.0,82.0
2021-02-04,110.0,102.0,86.0,81.0
2021-02-05,110.0,102.0,86.0,81.0
2021-02-08,110.0,102.0,85.0,80.0
2021-02-09,110.0,102.0,85.0,80.0
2021-02-10,111.0,103.0,86.0,81.0
2021-02-11,111.0,103.0,86.0,81.0
2021-02-12,111.0,103.0,85.0,80.0
2021-02-17,102.0,96.0,78.0,73.0
2021-02-18,100.0,94.0,76.0,72.0
2021-02-19,109.0,103.0,82.0,78.0
2021-02-22,112.0,107.0,83.0,79.0
2021-02-23,114.0,109.0,85.0,81.0
2021-02-24,116.0,110.0,86.0,82.0
2021-02-25,116.0,109.0,85.0,81.0
2021-02-26,116.0,108.0,83.0,79.0
2021-03-01,112.0,104.0,79.0,76.0
2021-03-02,115.0,106.0,81.0,78.0
2021-03-03,115.0,106.0,81.0,78.0
2021-03-04,114.0,106.0,80.0,77.0
2021-03-05,114.0,106.0,80.0,77.0
2021-03-08,116.0,107.0,80.0,77.0
2021-03-09,116.0,107.0,80.0,77.0
2021-03-10,116.0,108.0,80.0,77.0
2021-03-11,116.0,107.0,80.0,77.0
2021-03-12,118.0,110.0,81.0,80.0
2021-03-15,115.0,108.0,81.0,80.0
2021-03-16,116.0,109.0,81.0,80.0
2021-03-17,116.0,109.0,81.0,80.0
2021-03-18,117.0,110.0,81.0,80.0
2021-03-19,120.0,113.0,84.0,83.0
2021-03-22,117.0,110.0,83.0,82.0
2021-03-23,118.0,111.0,83.0,82.0
2021-03-24,118.0,111.0,83.0,82.0
2021-03-25,116.0,110.0,82.0,81.0
2021-03-26,115.0,110.0,81.0,80.0
2021-03-29,114.0,111.0,82.0,81.0
2021-03-30,114.0,111.0,82.0,81.0
2021-03-31,87.5,85.0,62.0,61.0
2021-04-01,87.0,84.0,60.0,59.0
2021-04-05,72.0,68.5,49.0,48.5
2021-04-06,71.0,67.5,49.0,48.5
2021-04-07,70.0,66.5,48.5,48.0
2021-04-08,66.5,63.5,46.0,45.5
2021-04-09,70.5,67.5,50.0,49.5
2021-04-12,67.0,64.5,48.5,48.0
2021-04-13,68.5,66.0,49.5,49.0
2021-04-14,70.5,68.0,51.0,50.0
2021-04-15,70.0,68.0,51.0,50.0
2021-04-16,71.5,69.5,50.5,48.5
2021-04-19,67.0,65.0,47.5,45.5
2021-04-20,66.5,64.5,46.5,44.5
2021-04-22,70.0,67.0,48.5,47.0
2021-04-23,88.5,86.0,64.0,62.0
2021-04-26,89.0,86.5,63.5,62.0
2021-04-27,88.5,86.0,63.0,61.5
2021-04-28,91.0,88.0,64.5,63.0
2021-04-29,90.0,88.0,62.5,61.0
2021-04-30,90.5,88.0,62.5,61.0
2021-05-03,86.5,84.5,60.5,59.0
2021-05-04,86.0,84.0,60.0,58.5
2021-05-05,87.5,85.0,60.0,58.5
2021-05-06,86.5,84.0,61.0,59.5
2021-05-07,76.0,74.0,54.5,52.5
2021-05-10,78.0,75.0,56.0,54.0
2021-05-11,82.0,79.0,59.5,56.5
2021-05-12,83.5,81.0,62.0,58.0
2021-05-13,81.5,78.5,59.5,55.5
2021-05-14,90.0,88.0,67.0,62.5
2021-05-17,91.0,89.0,67.5,63.5
2021-05-18,89.5,87.5,65.5,62.0
2021-05-19,87.5,85.5,64.5,61.5
2021-05-20,87.0,85.0,63.0,60.0
2021-05-21,79.5,77.5,58.0,55.5
2021-05-24,80.0,78.0,59.5,57.0
2021-05-25,82.5,81.0,62.0,59.0
2021-05-26,87.0,85.5,64.0,60.5
2021-05-27,84.0,82.5,62.0,58.5
2021-05-28,78.5,77.0,55.5,52.0
2021-05-31,77.0,76.0,54.5,51.0
2021-06-01,76.5,75.5,53.5,50.5
2021-06-02,78.5,77.5,56.0,53.5
2021-06-04,81.0,80.0,59.0,56.5
2021-06-07,79.0,77.5,57.5,54.5
2021-06-08,77.5,76.0,56.0,53.0
2021-06-09,80.0,78.0,57.5,54.5
2021-06-10,85.5,84.5,60.5,57.0
2021-06-11,99.0,98.0,72.5,68.5
2021-06-14,99.5,99.0,73.0,69.0
2021-06-15,97.5,97.0,72.0,68.0
2021-06-16,97.5,97.0,72.0,68.0
2021-06-17,96.0,95.5,71.5,68.5
2021-06-18,85.0,84.5,65.0,61.5
2021-06-21,84.5,84.0,65.5,61.5
2021-06-22,87.5,87.0,68.0,64.0
2021-06-23,88.5,88.0,69.5,65.5
2021-06-24,85.5,85.0,66.0,62.0
2021-06-25,91.5,91.0,69.5,66.0
2021-06-28,91.5,91.0,70.0,66.0
2021-06-29,89.5,88.5,68.0,63.0
2021-06-30,91.0,90.0,68.0,63.0
2021-07-01,91.0,90.0,69.0,64.0
2021-07-02,78.5,77.5,59.0,54.5
2021-07-05,78.0,76.0,58.5,54.0
2021-07-06,82.0,80.5,61.0,57.0
2021-07-07,80.5,79.0,60.0,56.0
2021-07-08,86.0,83.5,64.0,60.5
2021-07-09,82.0,79.5,60.0,56.0
2021-07-12,78.5,76.5,59.5,55.5
2021-07-13,78.0,76.0,60.0,55.5
2021-07-14,78.0,76.0,60.5,56.0
2021-07-15,70.5,69.0,55.0,51.0
2021-07-16,80.0,78.5,62.5,58.5
2021-07-19,78.5,77.0,61.0,57.0
2021-07-20,78.5,77.0,60.0,56.5
2021-07-21,80.0,78.5,62.0,58.0
2021-07-22,82.0,80.5,63.0,59.0
2021-07-23,95.0,93.5,72.0,68.0
2021-07-26,95.0,92.5,72.0,67.5
2021-07-27,94.0,91.5,71.5,67.0
2021-07-28,93.5,91.0,70.5,66.0
2021-07-29,96.0,94.0,73.0,68.5
2021-07-30,97.5,96.0,75.0,70.5
2021-08-02,97.0,96.0,73.0,69.0
2021-08-03,96.0,95.0,72.0,68.0
2021-08-04,95.0,94.0,70.5,66.5
2021-08-05,94.5,93.5,70.0,66.0
2021-08-06,81.5,80.5,59.0,55.5
2021-08-09,83.0,81.5,60.5,57.0
2021-08-10,88.5,87.0,65.5,61.5
2021-08-11,92.5,91.0,68.5,63.5
2021-08-12,93.5,92.0,69.5,64.5
2021-08-13,97.0,95.5,72.5,68.5
2021-08-16,95.0,94.0,72.5,67.5
2021-08-17,92.5,91.5,70.0,65.5
2021-08-18,92.0,91.0,69.5,65.5
2021-08-19,89.0,88.0,67.0,63.0
2021-08-20,83.0,82.5,61.5,58.0
2021-08-23,84.0,83.5,63.5,60.0
2021-08-24,84.0,83.5,63.5,60.0
2021-08-25,83.0,82.5,63.0,59.5
2021-08-26,82.5,82.5,63.5,59.5
2021-08-27,80.5,79.5,61.5,56.5
2021-08-30,77.5,76.5,60.5,55.5
2021-08-31,77.5,76.5,60.0,54.5
2021-09-01,77.5,76.5,60.0,54.5
2021-09-02,78.5,77.5,60.0,55.0
2021-09-03,82.5,82.0,64.0,59.0
2021-09-06,82.5,81.0,64.0,59.0
2021-09-08,82.0,80.5,64.0,59.0
2021-09-09,87.5,86.0,67.0,62.0
2021-09-10,90.5,89.0,69.0,63.0
2021-09-13,86.0,84.5,63.5,57.0
2021-09-14,89.0,87.5,66.0,59.0
2021-09-15,92.5,91.0,68.5,61.5
2021-09-16,93.5,91.0,69.5,61.5
2021-09-17,109.5,107.5,89.5,80.0
2021-09-20,107.5,105.5,88.5,78.5
2021-09-21,104.5,102.5,86.0,76.5
2021-09-22,104.0,102.0,85.5,76.0
2021-09-23,102.0,100.5,84.5,75.5
2021-09-24,87.5,86.0,67.5,59.0
2021-09-27,88.0,87.0,69.5,61.5
2021-09-28,89.5,88.5,71.0,63.0
2021-09-29,90.0,89.0,72.0,63.5
2021-09-30,91.0,90.0,73.5,64.0
2021-10-01,96.5,95.5,82.0,72.0
2021-10-04,93.0,92.0,79.0,69.5
2021-10-05,92.5,91.5,78.5,68.5
2021-10-06,92.0,91.5,77.0,67.5
2021-10-07,90.5,90.0,74.5,65.5
2021-10-08,81.0,79.5,63.0,54.5
2021-10-11,82.5,81.0,66.0,57.5
2021-10-13,84.0,82.5,66.0,57.5
2021-10-14,82.5,81.0,66.0,58.0
2021-10-15,84.5,83.0,67.5,60.5
2021-10-18,76.5,75.0,61.0,54.0
2021-10-19,76.5,75.0,60.5,53.5
2021-10-20,77.5,76.0,62.5,55.5
2021-10-21,83.0,81.5,67.5,58.5
2021-10-22,107.5,106.0,90.0,77.5
2021-10-25,107.0,106.0,91.0,77.5
2021-10-26,108.0,107.0,91.5,78.0
2021-10-27,109.5,107.5,92.0,78.5
2021-10-28,108.0,106.0,88.5,75.5
2021-10-29,93.0,91.0,73.5,64.0
2021-11-01,90.0,88.0,71.0,61.5
2021-11-03,92.5,90.5,73.0,62.5
2021-11-04,93.5,92.0,74.5,63.5
2021-11-05,104.0,102.5,85.5,75.5
2021-11-08,103.0,101.0,84.0,74.5
2021-11-09,100.5,98.5,81.5,72.5
2021-11-10,101.5,99.5,83.0,72.5
2021-11-11,100.0,98.0,81.0,71.0
2021-11-12,87.5,85.5,68.0,57.5
2021-11-16,90.0,88.5,71.5,60.0
2021-11-17,91.5,90.0,72.5,61.0
2021-11-18,90.0,89.0,73.0,62.0
2021-11-19,104.0,103.0,87.0,75.0
2021-11-22,103.0,102.0,85.5,74.0
2021-11-23,101.0,100.0,84.0,72.0
2021-11-24,99.5,98.5,83.0,71.0
2021-11-25,96.5,95.5,80.0,68.5
2021-11-26,80.5,79.5,64.5,54.5
2021-11-29,83.0,82.5,68.0,56.5
2021-11-30,82.0,81.5,67.0,56.0
2021-12-01,84.0,82.5,68.5,57.0
2021-12-02,85.5,84.0,71.0,59.5
2021-12-03,106.5,105.0,91.0,78.0
2021-12-06,101.5,100.0,87.0,74.5
2021-12-07,105.5,103.5,89.5,77.0
2021-12-08,105.0,103.5,89.5,78.0
2021-12-09,,104.0,89.0,78.5
2021-12-10,,85.5,72.0,62.5
2021-12-13,,85.5,72.5,62.0
2021-12-14,,85.5,73.0,62.0
2021-12-15,,86.0,74.0,62.5
2021-12-16,,85.0,73.0,61.0
2021-12-17,,85.5,75.5,63.0
2021-12-20,,84.5,74.0,61.0
2021-12-21,,86.0,75.5,62.0
2021-12-22,,86.5,76.0,63.0
2021-12-23,,92.5,82.0,68.5
2021-12-24,,86.0,76.5,64.5
2021-12-27,,82.5,73.5,63.0
2021-12-28,,81.0,71.5,61.5
2021-12-29,,81.5,71.5,61.0
2021-12-30,,75.0,66.0,56.0
2021-12-31,,71.0,62.5,52.5
2022-01-03,70.0,61.5,51.5,48.5
2022-01-04,75.0,64.0,53.0,49.5
2022-01-05,74.0,63.5,53.0,49.5
2022-01-06,70.5,60.5,50.5,47.0
2022-01-07,84.0,72.5,59.5,56.0
2022-01-10,83.0,73.5,60.5,55.5
2022-01-11,87.5,78.5,64.5,60.0
2022-01-12,88.0,79.0,65.0,60.5
2022-01-13,87.5,78.5,64.5,60.0
2022-01-14,83.5,74.5,62.0,57.0
2022-01-17,80.0,72.0,59.0,55.0
2022-01-18,79.5,70.5,58.5,54.0
2022-01-19,81.0,72.0,60.0,55.0
2022-01-20,83.5,73.5,62.0,57.0
2022-01-21,102.0,90.0,79.5,74.0
2022-01-24,102.0,91.0,80.0,74.5
2022-01-25,99.0,88.5,77.5,72.5
2022-01-26,98.0,88.0,77.0,72.5
2022-01-27,107.5,97.0,83.5,78.0
2022-01-28,112.0,102.0,87.0,81.0
2022-01-31,111.0,101.0,84.5,78.5
2022-02-01,112.0,101.0,84.5,78.5
2022-02-02,112.5,101.0,84.5,78.5
2022-02-03,106.0,95.5,80.0,74.5
2022-02-04,87.5,79.0,62.5,58.5
2022-02-07,90.5,83.0,67.0,63.5
2022-02-08,97.5,89.5,73.0,68.5
2022-02-09,103.0,94.5,78.0,72.5
2022-02-10,102.0,92.5,77.5,70.5
2022-02-11,113.5,104.5,88.5,81.5
2022-02-14,118.0,109.0,92.5,85.5
2022-02-15,113.5,105.0,89.5,82.5
2022-02-16,108.0,100.5,85.5,79.0
2022-02-17,106.0,97.0,83.0,77.0
2022-02-18,101.0,93.0,78.0,73.0
2022-02-21,100.5,92.0,78.5,73.5
2022-02-22,105.0,96.5,82.0,76.0
2022-02-23,105.0,96.5,82.0,76.0
2022-02-24,105.5,98.0,83.5,77.0
2022-02-25,93.5,86.5,73.5,68.0
2022-03-02,87.0,81.0,70.5,65.0
2022-03-03,84.0,78.5,69.0,64.5
2022-03-04,90.0,83.0,72.0,67.5
2022-03-07,88.0,81.0,69.5,65.5
2022-03-08,85.5,78.5,67.5,63.5
2022-03-09,90.0,83.0,71.0,67.0
2022-03-10,92.0,84.0,72.0,68.0
2022-03-11,114.5,108.0,93.5,87.5
2022-03-14,114.5,109.0,94.0,88.5
2022-03-15,113.5,108.0,92.5,87.5
2022-03-16,111.0,105.0,90.0,85.0
2022-03-17,110.0,104.5,90.0,84.5
2022-03-18,101.5,96.0,82.5,78.0
2022-03-21,103.0,98.0,83.5,79.0
2022-03-22,103.0,98.0,84.0,79.5
2022-03-23,105.5,100.0,85.0,80.5
2022-03-24,102.5,97.5,83.0,79.0
2022-03-25,105.5,99.5,85.0,79.5
2022-03-28,107.0,101.0,87.0,81.5
2022-03-29,106.5,100.5,87.0,81.5
2022-03-30,109.0,103.0,88.0,82.5
2022-03-31,105.0,99.0,83.5,78.5
2022-04-01,86.5,82.0,68.0,64.5
2022-04-04,85.0,80.0,65.5,62.0
2022-04-05,86.0,81.0,66.0,62.5
2022-04-06,83.5,78.5,64.5,61.0
2022-04-07,81.5,76.5,63.0,59.0
2022-04-08,80.5,75.5,61.0,56.5
2022-04-11,80.0,76.5,61.5,56.0
2022-04-12,79.5,76.0,61.5,56.0
2022-04-13,80.0,76.5,62.0,56.5
2022-04-14,82.0,78.5,65.0,58.5
2022-04-18,74.5,71.5,59.0,53.0
2022-04-19,77.0,73.5,61.0,55.5
2022-04-20,82.5,78.0,65.5,60.5
2022-04-22,98.5,93.0,80.5,75.5
2022-04-25,97.5,92.5,81.5,75.5
2022-04-26,101.0,96.0,84.0,78.0
2022-04-27,102.0,97.5,84.0,78.0
2022-04-28,98.5,93.5,79.5,73.0
2022-04-29,105.0,100.5,83.0,75.5
2022-05-02,101.5,97.0,81.0,74.5
2022-05-03,100.5,96.0,80.5,74.0
2022-05-04,96.5,92.5,78.0,72.0
2022-05-05,95.5,92.0,77.5,71.5
2022-05-06,81.0,78.0,64.0,59.0
2022-05-09,84.0,81.0,66.5,61.5
2022-05-10,85.0,82.0,66.5,61.5
2022-05-11,89.0,86.0,70.5,65.5
2022-05-12,90.5,88.0,73.5,68.5
2022-05-13,100.5,98.0,83.5,76.0
2022-05-16,99.5,97.0,82.5,75.0
2022-05-17,99.0,96.5,82.5,75.0
2022-05-18,96.5,94.0,79.0,71.5
2022-05-19,94.0,91.5,75.5,68.5
2022-05-20,96.5,92.0,76.5,70.0
2022-05-23,100.0,95.5,81.5,75.0
2022-05-24,103.0,98.5,82.5,76.0
2022-05-25,104.5,100.0,84.0,77.5
2022-05-26,103.5,99.0,83.5,76.5
2022-05-27,86.0,83.5,69.0,62.0
2022-05-30,82.5,80.0,67.0,60.0
2022-05-31,80.0,77.0,65.5,58.5
2022-06-01,79.0,76.0,65.0,58.0
2022-06-02,77.5,74.5,63.5,57.0
2022-06-03,76.5,73.5,62.0,56.0
2022-06-06,75.5,72.0,61.0,55.5
2022-06-07,76.5,73.0,61.0,56.0
2022-06-08,77.5,74.0,61.0,56.0
2022-06-09,80.5,77.0,63.0,58.0
2022-06-10,98.5,94.0,78.0,71.5
2022-06-13,94.5,90.5,75.0,69.0
2022-06-14,95.0,91.0,76.0,70.0
2022-06-15,95.0,91.0,77.0,71.0
2022-06-17,100.5,96.0,81.0,76.0
2022-06-20,91.5,88.0,75.0,70.5
2022-06-21,93.5,89.5,77.0,72.5
2022-06-22,93.5,89.5,77.0,72.5
2022-06-23,92.0,88.0,75.0,70.5
2022-06-24,88.5,85.0,73.5,67.5
2022-06-27,89.5,86.5,75.0,68.0
2022-06-28,88.5,85.5,73.5,66.5
2022-06-29,90.5,87.5,75.5,68.5
2022-06-30,90.5,87.5,77.0,69.0
2022-07-01,78.0,75.0,64.0,57.0
2022-07-04,74.0,71.0,62.0,56.0
2022-07-05,73.5,70.5,62.0,55.5
2022-07-06,77.5,74.5,65.0,58.0
2022-07-07,82.5,80.0,69.5,63.0
2022-07-08,91.0,89.0,74.0,66.5
2022-07-11,93.5,92.0,75.0,67.0
2022-07-12,94.5,93.0,76.0,68.0
2022-07-13,91.5,90.0,73.5,66.0
2022-07-14,88.0,86.5,70.5,63.0
2022-07-15,81.0,80.0,66.5,60.0
2022-07-18,76.5,75.0,63.0,57.5
2022-07-19,78.5,77.0,64.0,58.5
2022-07-20,80.0,78.5,65.5,59.0
2022-07-21,80.5,79.5,67.0,60.0
2022-07-22,107.0,104.0,87.0,80.0
2022-07-25,110.0,107.0,87.5,80.0
2022-07-26,111.0,108.0,89.5,81.5
2022-07-27,112.0,109.0,91.0,81.5
2022-07-28,111.5,108.5,90.5,81.5
2022-07-29,108.5,106.5,90.0,81.0
2022-08-01,104.5,102.5,88.0,79.0
2022-08-02,102.5,100.5,86.0,77.5
2022-08-03,101.5,99.5,84.0,76.5
2022-08-04,101.5,99.5,84.0,76.0
2022-08-05,87.0,84.5,70.5,62.5
2022-08-08,87.0,84.5,71.5,64.0
2022-08-09,90.0,87.5,73.0,64.5
2022-08-10,90.5,88.0,74.5,65.5
2022-08-11,93.0,90.5,77.0,68.5
2022-08-12,99.5,97.5,84.5,76.0
2022-08-15,101.0,99.0,84.5,76.0
2022-08-16,100.5,98.5,85.0,77.0
2022-08-17,98.0,96.0,82.0,74.5
2022-08-18,96.0,94.0,79.5,72.0
2022-08-19,105.5,103.5,87.5,80.0
2022-08-22,102.5,101.0,86.5,78.5
2022-08-23,104.0,102.5,88.0,79.0
2022-08-24,105.0,103.5,89.0,79.0
2022-08-25,104.5,103.0,89.5,79.5
2022-08-26,85.5,84.0,71.5,62.0
2022-08-29,85.5,84.0,70.5,59.5
2022-08-30,85.5,83.0,69.5,58.5
2022-08-31,85.5,83.0,70.0,60.0
2022-09-01,86.5,84.0,71.0,61.0
2022-09-02,87.5,85.0,73.0,63.0
2022-09-05,84.5,82.5,70.5,60.0
2022-09-06,84.5,83.0,71.0,60.5
2022-09-08,85.0,83.5,70.5,60.0
2022-09-09,93.5,92.0,78.5,67.0
2022-09-12,91.0,89.5,76.0,65.0
2022-09-13,91.0,89.5,75.5,65.5
2022-09-14,92.0,90.5,75.5,65.5
2022-09-15,91.5,90.0,76.0,66.0
2022-09-16,107.0,106.5,89.5,79.5
2022-09-19,104.0,103.5,85.5,76.0
2022-09-20,103.5,103.0,85.0,75.5
2022-09-21,104.5,104.0,86.5,77.0
2022-09-22,102.0,101.5,84.5,75.0
2022-09-23,97.5,96.5,82.0,74.5
2022-09-26,98.5,97.5,83.5,75.0
2022-09-27,101.0,100.0,85.5,76.0
2022-09-28,101.0,100.0,85.5,76.0
2022-09-29,99.0,98.0,84.0,75.5
2022-09-30,95.5,95.0,80.5,71.5
2022-10-03,94.5,94.5,80.0,69.5
2022-10-04,94.0,94.0,79.5,69.5
2022-10-05,93.5,93.5,80.0,70.0
2022-10-06,93.0,93.0,79.5,70.0
2022-10-07,82.5,82.5,70.5,60.0
2022-10-10,82.5,82.5,70.5,61.5
2022-10-11,85.5,85.5,73.0,63.0
2022-10-13,85.0,85.0,72.0,62.5
2022-10-14,94.5,93.5,79.5,64.5
2022-10-17,89.5,88.5,75.5,62.5
2022-10-18,89.0,88.0,75.5,62.5
2022-10-19,90.0,89.0,76.0,63.5
2022-10-20,90.5,89.5,77.0,64.5
2022-10-21,105.0,104.5,89.0,75.5
2022-10-24,102.0,101.5,87.0,73.5
2022-10-25,102.0,101.5,86.0,72.5
2022-10-26,102.5,102.0,87.0,73.5
2022-10-27,102.0,101.5,86.5,72.5
2022-10-28,90.5,90.0,77.0,64.5
2022-10-31,86.0,85.5,72.5,60.0
2022-11-01,86.5,86.0,73.5,61.0
2022-11-03,88.5,88.0,74.5,63.5
2022-11-04,102.0,101.5,86.5,73.5
2022-11-07,98.0,97.5,83.0,70.5
2022-11-08,98.0,97.5,83.0,70.5
2022-11-09,97.5,97.0,82.5,69.5
2022-11-10,99.5,99.0,85.0,72.0
2022-11-11,90.5,90.0,76.5,65.5
2022-11-14,86.0,86.0,73.0,64.0
2022-11-16,87.0,87.0,74.0,65.5
2022-11-17,89.5,89.5,76.5,66.5
2022-11-18,108.0,108.0,93.0,80.5
2022-11-21,106.0,106.0,91.5,80.0
2022-11-22,106.0,106.0,92.0,80.5
2022-11-23,106.0,106.0,92.0,80.0
2022-11-24,103.0,103.0,88.5,75.5
2022-11-25,83.0,82.0,71.0,59.0
2022-11-28,83.5,82.5,71.5,60.0
2022-11-29,87.5,86.5,74.5,63.0
2022-11-30,88.0,86.0,74.0,64.0
2022-12-01,87.5,85.5,74.0,64.5
2022-12-02,106.5,105.0,92.5,82.0
2022-12-05,103.0,101.5,90.0,80.0
2022-12-06,103.0,101.5,90.0,80.0
2022-12-07,102.5,101.5,90.0,80.0
2022-12-08,,101.5,90.5,80.5
2022-12-09,,80.0,71.0,61.5
2022-12-12,,82.0,73.5,62.0
2022-12-13,,84.0,76.0,63.0
2022-12-14,,84.5,76.5,63.5
2022-12-15,,86.0,77.0,64.0
2022-12-16,,90.5,81.0,68.0
2022-12-19,,92.5,85.5,69.5
2022-12-20,,92.5,84.0,69.0
2022-12-21,,92.0,83.5,68.5
2022-12-22,,90.0,82.5,68.0
2022-12-23,,99.5,93.0,77.5
2022-12-26,,97.0,90.0,76.5
2022-12-27,,97.5,90.5,77.0
2022-12-28,,99.0,92.0,78.5
2022-12-29,,96.5,90.5,78.0
2022-12-30,,76.0,71.5,60.5
2023-01-02,75.5,71.5,60.0,55.5
2023-01-03,76.5,72.5,61.0,56.5
2023-01-04,75.5,71.5,60.0,55.5
2023-01-05,74.5,70.5,60.0,56.5
2023-01-06,83.0,78.5,68.0,64.5
2023-01-09,81.0,75.5,65.5,62.0
2023-01-10,84.0,78.5,66.5,63.0
2023-01-11,83.5,78.0,66.0,62.5
2023-01-12,83.5,78.0,66.0,63.0
2023-01-13,79.0,74.0,61.5,59.0
2023-01-16,77.5,74.5,61.0,58.5
2023-01-17,77.0,74.0,62.0,59.5
2023-01-18,77.0,74.0,61.5,59.0
2023-01-19,81.0,78.0,63.0,60.5
2023-01-20,103.0,100.5,81.5,77.5
2023-01-23,102.0,99.5,81.0,76.5
2023-01-24,102.5,100.0,81.0,76.5
2023-01-25,103.0,100.5,82.5,78.0
2023-01-26,99.0,97.0,79.5,75.0
2023-01-27,102.0,100.0,77.5,73.0
2023-01-30,104.5,101.0,78.0,74.5
2023-01-31,104.5,101.0,78.5,75.0
2023-02-01,104.5,102.0,79.0,75.5
2023-02-02,105.5,103.0,81.5,77.0
2023-02-03,90.0,87.5,72.0,67.0
2023-02-06,87.5,85.0,68.5,63.5
2023-02-07,90.5,88.0,71.0,66.0
2023-02-08,90.0,87.5,70.5,65.5
2023-02-09,91.5,89.5,70.0,64.5
2023-02-10,106.0,104.0,83.0,77.0
2023-02-13,104.0,102.5,81.0,75.0
2023-02-14,103.5,102.0,81.0,75.0
2023-02-15,103.0,101.5,81.0,75.0
2023-02-16,101.0,99.5,81.0,75.0
2023-02-17,97.5,96.0,80.5,75.0
2023-02-22,101.0,99.0,83.0,77.5
2023-02-23,101.5,99.5,82.5,77.0
2023-02-24,108.0,105.5,88.0,82.5
2023-02-27,107.5,105.0,88.5,83.0
2023-02-28,94.5,91.5,74.5,70.0
2023-03-01,90.5,88.0,71.5,67.0
2023-03-02,90.5,88.0,72.0,67.5
2023-03-03,90.0,87.5,71.0,66.5
2023-03-06,88.0,85.5,68.0,64.0
2023-03-07,86.5,84.5,67.5,63.5
2023-03-08,86.5,84.5,68.0,64.0
2023-03-09,85.5,83.5,66.5,62.5
2023-03-10,85.5,83.0,65.5,61.5
2023-03-13,87.5,83.0,65.5,60.5
2023-03-14,88.5,84.0,66.5,61.5
2023-03-15,90.5,86.0,67.5,62.5
2023-03-16,89.5,85.0,67.5,63.0
2023-03-17,115.5,110.5,89.0,82.5
2023-03-20,112.5,108.5,89.0,82.5
2023-03-21,113.5,109.5,90.0,83.5
2023-03-22,112.0,108.0,89.0,82.5
2023-03-23,111.0,107.0,88.0,81.5
2023-03-24,108.0,104.5,85.5,80.0
2023-03-27,108.0,104.5,86.0,80.5
2023-03-28,107.5,104.0,85.5,80.0
2023-03-29,109.0,104.5,86.0,80.5
2023-03-30,109.0,104.5,84.5,79.0
2023-03-31,100.0,95.0,79.0,74.5
2023-04-03,99.0,94.0,78.5,73.5
2023-04-04,100.0,95.0,79.5,74.5
2023-04-05,98.5,94.0,78.0,73.5
2023-04-06,103.5,99.0,83.5,77.5
2023-04-10,89.0,85.0,68.5,62.5
2023-04-11,92.5,88.0,70.5,65.0
2023-04-12,93.5,89.0,71.5,66.0
2023-04-13,94.5,90.0,72.5,66.5
2023-04-14,95.5,90.0,72.5,67.5
2023-04-17,92.0,87.0,71.5,66.0
2023-04-18,88.5,83.5,69.0,63.5
2023-04-19,87.5,82.5,67.5,62.0
2023-04-20,110.0,105.0,88.5,81.0
2023-04-24,102.5,98.5,84.5,76.5
2023-04-25,103.5,100.5,85.0,77.0
2023-04-26,103.0,100.0,84.5,76.5
2023-04-27,105.0,102.0,85.0,76.5
2023-04-28,109.0,107.0,87.0,80.0
2023-05-02,108.0,105.5,86.5,80.0
2023-05-03,108.5,105.0,86.5,79.5
2023-05-04,110.0,106.5,88.0,80.5
2023-05-05,113.5,110.0,91.0,84.0
2023-05-08,90.0,86.5,70.5,64.0
2023-05-09,88.0,84.5,69.0,62.5
2023-05-10,90.0,86.0,70.5,64.5
2023-05-11,88.0,84.5,69.5,64.0
2023-05-12,99.0,95.5,79.0,73.5
2023-05-15,104.0,101.0,82.5,77.0
2023-05-16,104.5,101.5,83.0,77.5
2023-05-17,104.0,101.5,83.0,77.5
2023-05-18,107.5,104.5,84.5,78.5
2023-05-19,117.5,112.5,90.0,82.0
2023-05-22,112.5,107.5,86.5,78.5
2023-05-23,112.5,107.5,87.0,79.0
2023-05-24,113.5,108.5,87.5,80.0
2023-05-25,109.5,104.5,85.0,78.5
2023-05-26,93.5,89.5,71.5,66.5
2023-05-29,95.0,91.0,71.5,66.5
2023-05-30,97.0,93.0,73.5,68.5
2023-05-31,97.0,93.0,73.0,68.0
2023-06-01,95.0,91.0,71.0,66.0
2023-06-02,93.5,90.0,72.5,67.5
2023-06-05,93.0,90.0,73.5,69.5
2023-06-06,93.5,90.5,72.5,68.5
2023-06-07,98.5,95.5,77.5,73.5
2023-06-09,104.5,101.0,81.5,76.0
2023-06-12,99.5,96.5,75.5,69.5
2023-06-13,99.0,96.0,74.5,67.5
2023-06-14,99.5,96.5,76.0,68.5
2023-06-15,96.0,93.0,72.5,65.5
2023-06-16,120.0,117.0,92.0,82.0
2023-06-19,121.5,118.5,93.5,83.5
2023-06-20,119.0,116.0,93.0,83.0
2023-06-21,118.0,115.0,92.0,82.0
2023-06-22,117.5,114.5,92.0,82.0
2023-06-23,111.0,108.5,89.0,81.5
2023-06-26,113.0,111.0,90.0,81.5
2023-06-27,114.5,111.5,90.5,82.0
2023-06-28,116.0,113.0,92.0,83.5
2023-06-29,114.5,111.5,91.0,81.5
2023-06-30,118.5,116.0,97.0,85.0
2023-07-03,120.5,118.0,99.5,86.5
2023-07-04,119.5,117.5,99.0,86.5
2023-07-05,120.5,118.5,99.5,87.5
2023-07-06,120.5,118.5,99.0,87.5
2023-07-07,98.0,96.0,80.0,70.5
2023-07-10,93.5,91.5,76.0,67.5
2023-07-11,95.0,93.0,77.5,68.5
2023-07-12,94.5,92.5,77.0,67.5
2023-07-13,93.0,91.0,76.0,66.5
2023-07-14,93.0,92.0,75.0,66.5
2023-07-17,89.5,89.0,73.5,66.0
2023-07-18,86.5,86.0,71.0,63.5
2023-07-19,87.0,86.5,72.0,65.0
2023-07-20,86.0,85.5,72.0,64.5
2023-07-21,111.0,110.5,92.0,82.0
2023-07-24,111.5,111.0,92.5,81.5
2023-07-25,112.0,111.5,93.5,83.0
2023-07-26,115.5,115.0,94.5,83.5
2023-07-27,115.5,114.5,93.5,83.0
2023-07-28,114.0,113.0,93.5,82.0
2023-07-31,113.5,112.5,93.5,82.5
2023-08-01,113.5,112.5,93.5,82.5
2023-08-02,110.5,109.5,91.0,80.5
2023-08-03,113.0,112.5,93.0,83.0
2023-08-04,100.0,99.5,81.0,72.0
2023-08-07,105.0,104.5,84.5,75.5
2023-08-08,105.5,105.0,85.0,76.0
2023-08-09,107.0,106.5,87.5,78.5
2023-08-10,101.0,100.5,81.5,73.5
2023-08-11,114.0,113.5,92.5,85.0
2023-08-14,109.5,109.0,89.0,81.5
2023-08-15,111.5,111.0,91.0,83.5
2023-08-16,113.0,112.5,92.5,84.0
2023-08-17,110.5,110.0,91.0,83.5
2023-08-18,113.5,113.0,94.5,85.0
2023-08-21,113.5,113.0,94.0,84.5
2023-08-22,114.0,113.5,94.0,84.5
2023-08-23,113.0,112.5,93.0,84.0
2023-08-24,111.5,111.0,91.0,82.5
2023-08-25,91.0,90.5,74.5,68.0
2023-08-28,90.0,90.0,73.5,66.5
2023-08-29,89.5,89.5,72.5,65.5
2023-08-30,91.0,91.0,73.5,66.0
2023-08-31,90.0,90.0,73.0,65.5
2023-09-01,90.0,89.0,71.5,64.0
2023-09-04,90.5,89.5,72.5,64.5
2023-09-05,93.0,92.0,75.5,67.5
2023-09-06,94.0,93.0,76.5,69.0
2023-09-08,96.5,95.5,78.5,71.0
2023-09-11,88.0,87.5,70.5,64.0
2023-09-12,88.5,88.0,71.5,65.5
2023-09-13,89.5,89.0,71.5,65.5
2023-09-14,94.5,94.0,76.0,70.0
2023-09-15,122.5,122.0,104.5,94.5
2023-09-18,120.5,120.0,103.0,93.5
2023-09-19,120.0,119.5,102.0,92.5
2023-09-20,117.0,116.5,100.0,90.5
2023-09-21,111.5,111.0,95.0,85.5
2023-09-22,109.0,108.5,91.5,83.0
2023-09-25,110.5,110.0,93.0,84.5
2023-09-26,114.0,113.5,95.5,87.0
2023-09-27,115.0,114.5,96.0,87.5
2023-09-28,112.0,111.5,94.0,85.5
2023-09-29,103.0,102.5,86.0,78.0
2023-10-02,105.5,105.5,89.5,81.0
2023-10-03,101.0,101.0,86.5,78.0
2023-10-04,103.0,103.0,89.0,79.0
2023-10-05,104.5,103.5,90.5,79.5
2023-10-06,95.0,93.0,81.5,72.0
2023-10-09,93.5,91.5,78.5,68.5
2023-10-10,94.5,92.5,79.0,69.0
2023-10-11,96.0,94.0,79.0,70.0
2023-10-13,101.0,99.5,85.0,75.0
2023-10-16,93.5,92.5,77.5,68.0
2023-10-17,90.0,89.0,75.0,66.0
2023-10-18,92.0,91.0,76.5,67.0
2023-10-19,91.0,90.0,77.0,66.0
2023-10-20,117.0,116.0,99.5,87.5
2023-10-23,115.5,114.5,99.0,87.0
2023-10-24,117.0,116.0,100.0,88.0
2023-10-25,117.5,116.5,101.0,89.0
2023-10-26,118.5,117.5,103.0,92.0
2023-10-27,119.0,118.0,104.5,92.0
2023-10-30,118.0,117.0,104.0,92.5
2023-10-31,117.0,116.0,103.5,92.0
2023-11-01,115.5,114.5,102.0,90.5
2023-11-03,116.5,115.5,101.0,90.5
2023-11-06,91.5,91.5,77.5,71.0
2023-11-07,96.5,96.5,82.5,76.0
2023-11-08,97.0,97.0,82.5,76.0
2023-11-09,97.5,97.5,83.5,76.5
2023-11-10,108.5,107.5,95.0,87.5
2023-11-13,110.5,109.5,96.5,89.0
2023-11-14,106.5,105.5,92.5,85.0
2023-11-16,106.0,105.0,93.0,85.5
2023-11-17,120.0,119.0,105.5,96.0
2023-11-20,114.5,113.0,101.5,91.0
2023-11-21,113.0,111.5,100.5,90.0
2023-11-22,114.0,112.5,101.5,90.0
2023-11-23,113.0,111.5,100.5,89.5
2023-11-24,91.0,89.5,80.0,71.0
2023-11-27,88.5,87.5,79.0,70.5
2023-11-28,87.5,86.5,77.0,68.5
2023-11-29,89.5,88.5,79.0,71.0
2023-11-30,88.5,87.5,78.0,70.0
2023-12-01,88.0,87.0,78.5,71.5
2023-12-04,92.5,91.5,83.0,74.5
2023-12-05,95.5,94.5,86.5,78.0
2023-12-06,96.5,95.5,87.5,79.0
2023-12-07,99.5,98.5,90.5,82.0
2023-12-08,122.0,121.0,111.0,99.5
2023-12-11,118.5,118.0,108.5,97.0
2023-12-12,117.5,117.0,107.0,95.5
2023-12-13,118.0,116.5,106.5,95.0
2023-12-14,,116.5,107.5,94.0
2023-12-15,,96.0,89.0,78.0
2023-12-18,,95.0,88.0,77.0
2023-12-19,,94.0,88.0,77.0
2023-12-20,,95.5,89.5,78.5
2023-12-21,,96.0,89.5,79.5
2023-12-22,,116.0,110.0,94.5
2023-12-26,,115.5,109.5,94.0
2023-12-27,,115.5,109.5,94.0
2023-12-28,,116.0,110.0,94.5
2023-12-29,,111.0,106.0,91.0
2024-01-02,82.5,78.0,68.5,66.5
2024-01-03,78.5,74.5,65.5,64.0
2024-01-04,80.0,74.0,64.5,63.0
2024-01-05,87.5,80.5,68.5,67.5
2024-01-08,85.0,78.0,65.5,64.5
2024-01-09,87.5,80.5,67.5,66.5
2024-01-10,89.5,82.5,69.5,68.5
2024-01-11,91.0,85.5,71.5,70.0
2024-01-12,94.5,90.5,73.5,72.0
2024-01-15,89.0,86.0,71.0,68.5
2024-01-16,91.0,88.0,73.0,69.5
2024-01-17,94.0,90.0,74.0,70.5
2024-01-18,93.5,90.0,73.5,70.5
2024-01-19,111.0,107.5,88.0,84.0
2024-01-22,108.0,102.5,84.0,80.5
2024-01-23,108.5,103.0,84.5,81.0
2024-01-24,109.0,104.0,84.5,81.0
2024-01-25,106.5,101.5,83.5,80.5
2024-01-26,113.0,109.0,91.5,87.0
2024-01-29,115.5,112.0,93.5,89.5
2024-01-30,115.5,112.0,92.5,88.5
2024-01-31,114.0,110.5,91.5,87.5
2024-02-01,115.0,111.5,91.5,87.5
2024-02-02,94.5,91.5,74.0,70.5
2024-02-05,91.0,86.5,69.5,66.0
2024-02-06,90.0,85.5,69.0,66.0
2024-02-07,91.0,86.5,70.0,67.0
2024-02-08,93.5,88.5,71.0,67.5
2024-02-09,109.5,104.5,88.0,85.0
2024-02-14,108.0,104.5,86.5,83.5
2024-02-15,108.0,104.5,86.5,83.5
2024-02-16,117.0,113.5,95.5,91.0
2024-02-19,114.0,111.5,94.5,90.0
2024-02-20,107.5,105.0,87.5,83.5
2024-02-21,107.5,105.0,88.0,84.0
2024-02-22,108.5,106.5,89.5,85.0
2024-02-23,93.0,89.5,72.5,70.0
2024-02-26,87.0,83.5,67.0,64.5
2024-02-27,89.0,85.5,69.5,67.0
2024-02-28,88.5,85.0,69.0,66.5
2024-02-29,87.5,83.5,67.5,64.5
2024-03-01,88.0,84.5,69.5,66.5
2024-03-04,91.0,87.5,72.0,69.0
2024-03-05,91.5,88.0,71.5,68.5
2024-03-06,91.5,88.0,72.0,69.0
2024-03-07,91.5,89.5,72.5,70.0
2024-03-08,89.5,88.0,71.5,68.0
2024-03-11,81.5,80.0,64.5,61.5
2024-03-12,82.5,81.0,65.0,62.0
2024-03-13,85.5,84.0,67.5,64.5
2024-03-14,88.0,86.5,68.5,65.5
2024-03-15,117.0,115.0,93.0,90.0
2024-03-18,117.5,115.5,91.5,88.5
2024-03-19,117.5,115.5,92.0,89.0
2024-03-20,115.5,113.5,90.0,87.0
2024-03-21,116.0,113.0,90.0,87.5
2024-03-22,110.5,108.0,86.0,82.0
2024-03-25,107.5,105.0,85.0,81.0
2024-03-26,107.5,105.0,85.0,81.0
2024-03-27,109.0,106.5,86.5,82.5
2024-03-28,117.0,113.0,91.5,87.0
2024-04-01,108.5,104.5,85.5,82.5
2024-04-02,106.5,103.0,84.0,81.0
2024-04-03,105.5,102.0,83.0,80.0
2024-04-04,104.0,100.5,82.0,78.5
2024-04-05,91.0,88.0,72.5,69.5
2024-04-08,88.5,86.0,69.0,66.0
2024-04-09,94.0,91.5,73.5,70.5
2024-04-10,95.5,92.0,73.0,70.0
2024-04-11,100.0,97.0,77.0,74.0
2024-04-12,104.0,101.0,81.0,77.5
2024-04-15,99.5,97.0,79.0,75.5
2024-04-16,99.5,97.0,80.0,76.5
2024-04-17,100.5,97.5,81.0,77.5
2024-04-18,97.5,93.5,79.0,75.5
2024-04-19,124.0,121.0,101.5,97.0
2024-04-22,126.0,123.0,104.0,100.0
2024-04-23,124.0,121.0,102.0,98.0
2024-04-24,124.5,122.0,103.0,99.0
2024-04-25,124.5,122.0,103.0,99.0
2024-04-26,97.5,93.5,77.0,74.5
2024-04-29,93.0,89.0,72.0,69.5
2024-04-30,94.5,90.5,73.5,71.0
2024-05-02,99.0,95.0,78.0,73.5
2024-05-03,124.0,120.0,102.5,95.0
2024-05-06,122.0,119.5,103.0,95.5
2024-05-07,122.5,119.5,102.5,95.0
2024-05-08,122.5,119.5,102.5,95.0
2024-05-09,120.0,117.0,101.0,94.5
2024-05-10,101.0,98.5,84.0,79.5
2024-05-13,100.0,97.5,83.5,79.0
2024-05-14,101.0,98.5,85.0,80.0
2024-05-15,105.0,102.5,88.0,83.0
2024-05-16,101.0,99.0,84.5,79.5
2024-05-17,115.0,113.0,99.0,92.5
2024-05-20,115.0,112.5,100.0,93.5
2024-05-21,115.5,113.0,99.5,93.0
2024-05-22,113.5,111.0,98.5,92.5
2024-05-23,115.0,112.5,98.5,92.5
2024-05-24,113.0,110.5,95.5,89.5
2024-05-27,112.5,111.0,95.5,89.5
2024-05-28,111.5,110.0,95.0,89.5
2024-05-29,111.0,109.5,94.5,89.0
2024-05-31,113.0,110.0,96.0,90.5
2024-06-03,97.0,94.0,81.5,77.5
2024-06-04,94.5,91.5,80.0,76.0
2024-06-05,95.5,92.5,80.5,76.5
2024-06-06,94.5,91.5,79.5,75.5
2024-06-07,93.5,91.5,79.0,74.5
2024-06-10,95.5,94.0,80.0,75.5
2024-06-11,100.5,99.0,84.0,79.5
2024-06-12,99.0,97.5,83.0,78.5
2024-06-13,102.0,100.5,85.0,79.0
2024-06-14,128.0,126.0,109.0,102.0
2024-06-17,121.0,119.0,102.5,95.5
2024-06-18,116.5,114.5,98.5,91.5
2024-06-19,119.0,117.0,100.5,92.5
2024-06-20,117.0,114.0,97.5,90.5
2024-06-21,106.5,104.0,88.5,81.5
2024-06-24,108.0,105.5,90.0,82.0
2024-06-25,109.5,107.0,91.5,83.5
2024-06-26,110.5,108.0,92.5,85.0
2024-06-27,107.0,105.0,91.0,83.5
2024-06-28,112.0,110.0,95.5,88.5
2024-07-01,110.0,108.5,94.0,88.0
2024-07-02,109.5,108.0,93.5,87.5
2024-07-03,109.0,107.5,93.5,87.5
2024-07-04,108.5,107.5,93.5,88.0
2024-07-05,94.5,92.5,78.5,73.5
2024-07-08,91.5,89.0,75.5,71.5
2024-07-09,91.0,88.5,75.0,71.0
2024-07-10,93.5,91.0,76.5,72.5
2024-07-11,92.0,89.5,75.0,71.0
2024-07-12,94.0,92.0,77.5,73.5
2024-07-15,95.0,93.5,78.0,74.0
2024-07-16,95.0,93.5,78.0,74.0
2024-07-17,94.5,93.0,78.0,74.0
2024-07-18,94.5,93.0,77.5,73.5
2024-07-19,112.5,111.0,92.5,86.5
2024-07-22,112.0,110.0,92.5,87.0
2024-07-23,113.5,110.5,92.0,86.5
2024-07-24,115.0,112.0,94.5,88.0
2024-07-25,113.0,110.0,94.0,88.0
2024-07-26,118.5,115.5,101.0,91.5
2024-07-29,114.5,112.0,97.5,88.0
2024-07-30,113.0,111.0,96.5,87.0
2024-07-31,110.0,108.0,93.5,84.0
2024-08-01,108.5,106.5,92.0,82.5
2024-08-02,93.0,90.5,78.5,72.5
2024-08-05,91.0,89.0,77.0,71.0
2024-08-06,94.0,92.0,80.0,74.0
2024-08-07,96.0,94.0,81.0,75.0
2024-08-08,98.0,96.0,83.0,77.0
2024-08-09,114.0,111.5,95.0,89.0
2024-08-12,119.0,116.5,98.5,91.0
2024-08-13,120.0,117.5,99.5,92.0
2024-08-14,119.5,117.0,99.5,92.0
2024-08-15,118.5,116.0,99.0,91.5
2024-08-16,103.0,101.0,86.5,79.5
2024-08-19,100.5,98.5,83.0,75.5
2024-08-20,100.0,98.0,82.0,74.5
2024-08-21,103.5,101.5,85.5,77.5
2024-08-22,105.0,103.5,86.0,78.0
2024-08-23,118.5,117.5,99.0,89.5
2024-08-26,118.5,116.5,97.5,90.5
2024-08-27,119.5,117.5,99.0,92.0
2024-08-28,118.5,116.5,98.0,91.5
2024-08-29,116.5,114.5,96.5,90.0
2024-08-30,97.0,95.0,78.5,74.0
2024-09-02,93.5,92.0,74.5,69.5
2024-09-03,94.5,93.0,75.0,69.5
2024-09-04,95.5,94.0,76.0,70.5
2024-09-05,96.0,94.5,76.5,70.5
2024-09-06,100.0,98.5,81.5,74.5
2024-09-09,99.5,98.0,82.0,75.0
2024-09-10,101.5,100.0,84.5,77.5
2024-09-11,103.0,101.5,86.0,79.0
2024-09-12,105.5,104.0,88.5,82.5
2024-09-13,127.5,126.0,110.0,100.5
2024-09-16,125.0,123.0,107.0,97.5
2024-09-17,121.0,119.0,103.0,94.0
2024-09-18,122.0,120.0,104.0,95.0
2024-09-19,118.5,116.5,101.5,92.5
2024-09-20,114.0,112.0,98.0,89.0
2024-09-23,114.5,112.5,98.0,89.0
2024-09-24,114.0,112.0,97.5,88.5
2024-09-25,113.5,111.5,97.5,88.5
2024-09-26,112.0,110.0,96.0,87.0
2024-09-27,108.5,106.0,91.0,83.0
2024-09-30,110.0,108.0,92.0,83.5
2024-10-01,109.5,107.5,91.5,83.0
2024-10-02,110.0,108.0,91.5,82.5
2024-10-03,105.5,103.5,88.0,79.5
2024-10-04,92.5,91.0,76.0,68.5
2024-10-07,90.0,88.0,74.5,67.5
2024-10-08,93.0,91.0,77.5,70.5
2024-10-09,94.0,92.0,78.0,71.5
2024-10-10,93.0,91.0,77.5,71.5
2024-10-11,96.0,94.0,81.5,75.0
2024-10-14,91.5,89.5,76.5,70.0
2024-10-15,92.0,90.0,76.5,69.5
2024-10-16,92.5,90.5,76.5,69.5
2024-10-17,94.0,92.5,78.0,71.5
2024-10-18,109.0,107.5,89.0,81.0
2024-10-21,112.5,110.5,92.0,83.0
2024-10-22,112.0,110.0,92.0,83.5
2024-10-23,108.0,106.0,89.0,80.5
2024-10-24,108.0,106.0,89.0,80.5
2024-10-25,92.5,90.5,75.5,68.5
2024-10-28,85.5,83.5,69.5,63.0
2024-10-29,86.5,84.5,69.5,63.0
2024-10-30,89.5,87.5,71.5,64.5
2024-10-31,89.0,87.0,73.0,66.0
2024-11-01,117.0,115.0,96.0,87.0
2024-11-04,115.0,113.5,95.0,86.5
2024-11-05,115.0,113.5,95.5,87.0
2024-11-06,112.5,111.0,93.0,85.0
2024-11-07,112.0,110.5,92.5,84.5
2024-11-08,96.5,95.0,79.5,72.0
2024-11-11,99.5,98.0,81.0,73.0
2024-11-12,99.5,98.0,81.0,73.0
2024-11-13,101.5,100.0,83.0,74.5
2024-11-14,112.0,111.0,92.0,84.5
2024-11-18,98.0,97.0,80.5,75.0
2024-11-19,95.0,94.0,78.5,73.0
2024-11-21,94.5,94.0,78.5,72.5
2024-11-22,116.5,116.0,100.5,89.5
2024-11-25,117.0,114.5,98.5,87.5
2024-11-26,119.0,116.5,100.0,88.0
2024-11-27,121.0,118.5,101.5,88.5
2024-11-28,119.0,116.0,99.5,87.0
2024-11-29,102.5,99.5,84.0,74.5
2024-12-02,101.5,99.5,82.5,73.0
2024-12-03,101.5,99.5,83.5,74.0
2024-12-04,103.0,101.0,85.5,76.5
2024-12-05,104.0,102.5,87.0,77.0
2024-12-06,124.5,123.0,107.5,95.5
2024-12-09,122.0,120.5,105.5,93.0
2024-12-10,122.5,121.0,105.5,93.0
2024-12-11,123.0,121.5,105.5,93.0
2024-12-12,,120.0,104.5,92.0
2024-12-13,,103.0,91.0,77.5
2024-12-16,,103.5,92.0,79.0
2024-12-17,,106.5,95.5,81.5
2024-12-18,,109.0,98.0,83.5
2024-12-19,,107.0,96.0,81.5
2024-12-20,,120.5,108.5,94.0
2024-12-23,,119.0,107.0,94.0
2024-12-24,,112.5,101.0,88.5
2024-12-26,,109.5,99.0,86.5
2024-12-27,,115.0,104.0,90.5
2024-12-30,,90.5,81.0,68.0
2024-12-31,,88.0,79.5,66.5
2025-01-02,87.0,78.5,66.0,62.5
2025-01-03,89.5,80.5,67.5,64.0
2025-01-06,83.0,75.5,64.0,60.5
2025-01-07,86.0,78.0,67.5,63.5
2025-01-08,86.0,78.0,67.5,63.5
2025-01-09,86.5,79.0,67.5,64.0
2025-01-10,90.5,84.0,71.5,67.5
2025-01-13,90.5,85.0,72.0,68.5
2025-01-14,88.0,83.0,70.0,67.0
2025-01-15,88.0,83.0,70.0,67.0
2025-01-16,87.0,82.0,69.5,66.5
2025-01-17,85.0,80.0,68.5,66.0
2025-01-20,72.0,68.0,58.0,55.0
2025-01-21,76.5,72.0,62.0,59.0
2025-01-22,82.0,77.5,66.5,63.0
2025-01-23,84.5,80.0,68.0,63.0
2025-01-24,115.0,109.5,91.0,85.0
2025-01-27,113.0,108.0,89.5,83.5
2025-01-28,112.5,108.0,89.0,83.5
2025-01-29,110.5,106.5,86.5,81.5
2025-01-30,110.0,105.5,85.5,81.5
2025-01-31,88.0,84.5,67.5,64.0
2025-02-03,90.5,86.5,69.0,65.0
2025-02-04,89.5,85.5,68.0,64.0
2025-02-05,90.0,86.0,69.0,65.0
2025-02-06,92.0,88.0,71.0,67.0
2025-02-07,104.0,100.5,80.5,76.5
2025-02-10,106.5,103.5,83.0,78.0
2025-02-11,108.0,105.0,84.5,79.5
2025-02-12,107.5,105.0,85.0,79.5
2025-02-13,106.5,102.5,82.5,77.0
2025-02-14,94.0,90.0,74.0,69.0
2025-02-17,93.5,89.5,73.5,68.5
2025-02-18,90.5,86.5,71.0,66.0
2025-02-19,89.0,85.0,69.0,64.5
2025-02-20,91.0,88.0,71.0,65.5
2025-02-21,116.0,110.5,91.5,83.5
2025-02-24,113.0,107.0,87.0,80.5
2025-02-25,116.0,110.0,90.0,83.5
2025-02-26,116.5,110.5,91.0,84.5
2025-02-27,113.5,107.0,88.5,82.5
2025-02-28,91.0,86.0,68.5,62.5
2025-03-05,91.5,87.0,70.5,64.5
2025-03-06,89.0,85.0,68.5,62.5
2025-03-07,91.5,87.5,70.0,64.0
2025-03-10,90.5,86.5,70.0,64.0
2025-03-11,88.5,84.5,69.5,64.5
2025-03-12,91.0,87.0,71.0,64.5
2025-03-13,94.0,90.0,72.5,66.0
2025-03-14,122.0,115.0,93.5,86.5
2025-03-17,120.0,114.0,92.5,85.5
2025-03-18,121.5,115.5,94.0,87.0
2025-03-19,118.0,112.0,91.0,84.5
2025-03-20,115.5,109.5,89.5,83.0
2025-03-21,113.5,107.0,87.5,80.5
2025-03-24,108.5,103.0,84.5,77.5
2025-03-25,110.5,104.5,86.0,79.0
2025-03-26,110.5,104.5,86.0,79.0
2025-03-27,107.0,102.0,83.0,76.5
2025-03-28,104.0,99.0,81.5,76.0
